timestamp,confidence,signal,candle_body,momentum,bb_pos,strength
2024.01.22 12:00:00,0.65063908,1,0.175222,0.089068,0.981036,WEAK
2024.01.23 20:00:00,0.888770326,1,0.224654,0.060874,0.280285,STRONG
2024.01.24 00:00:00,0.668917411,1,0.159152,0.103502,0.347386,WEAK
2024.01.25 20:00:00,0.780733153,1,0.137713,0.035485,0.40384,MEDIUM
2024.01.29 20:00:00,0.849235727,1,0.204578,0.114516,0.456624,STRONG
2024.01.30 00:00:00,0.692550693,1,0.060579,0.096241,0.507374,WEAK
2024.01.30 16:00:00,0.828800733,1,0.04495,-0.172956,0.169794,STRONG
2024.01.30 20:00:00,0.691855013,1,0.14961,0.262652,0.466545,WEAK
2024.01.31 12:00:00,0.749322594,1,0.28177,0.002368,0.603524,MEDIUM
2024.02.01 00:00:00,0.901429475,1,0.119878,0.050561,0.246978,STRONG
2024.02.01 12:00:00,0.811599393,1,0.027648,-0.132889,0.093905,STRONG
2024.02.01 16:00:00,0.715149108,1,0.604581,0.008713,1.087183,MEDIUM
2024.02.02 20:00:00,0.877908474,1,0.117151,0.01427,0.116728,STRONG
2024.02.06 00:00:00,0.722859675,1,0.129916,-0.007983,0.140012,MEDIUM
2024.02.06 12:00:00,0.716863265,1,0.17351,-0.031897,0.28518,MEDIUM
2024.02.08 16:00:00,0.720039812,1,0.294833,0.053295,0.675963,MEDIUM
2024.02.12 16:00:00,0.703466771,1,0.237353,0.025385,0.845541,MEDIUM
2024.02.13 16:00:00,0.855686749,1,0.053969,-0.113584,0.194763,STRONG
2024.02.14 00:00:00,0.828154465,1,0.103201,0.038177,0.146904,STRONG
2024.02.14 04:00:00,0.662779391,1,0.046815,0.116874,0.258589,WEAK
2024.02.14 12:00:00,0.78976097,1,0.142549,-0.003989,-0.010123,MEDIUM
2024.02.14 16:00:00,0.74165394,1,0.054918,0.033505,0.107058,MEDIUM
2024.02.14 20:00:00,0.7225423,1,0.012733,0.138762,0.161226,MEDIUM
2024.02.15 00:00:00,0.739608851,1,0.062091,-0.125031,0.170592,MEDIUM
2024.02.15 12:00:00,0.784463151,1,0.124109,-0.014352,0.315064,MEDIUM
2024.02.16 16:00:00,0.785968816,1,0.322824,0.02231,0.884569,MEDIUM
2024.02.21 12:00:00,0.697600929,1,0.095059,0.044436,0.701885,WEAK
2024.02.21 20:00:00,0.668624229,1,0.173292,0.003173,0.857703,WEAK
2024.02.26 20:00:00,0.651991665,1,0.070948,-0.007102,0.777797,WEAK
2024.02.28 12:00:00,0.845353483,1,0.144738,-0.015844,0.05942,STRONG
2024.02.28 16:00:00,0.70438248,1,0.124806,0.118848,0.291754,MEDIUM
2024.02.28 20:00:00,0.715602354,1,0.010268,0.118707,0.330975,MEDIUM
2024.02.29 00:00:00,0.73077703,1,0.069516,-0.077463,0.316992,MEDIUM
2024.02.29 20:00:00,0.816608625,1,0.053865,-0.019818,0.034929,STRONG
2024.03.01 00:00:00,0.674703743,1,0.172546,-0.034886,0.190044,WEAK
2024.03.01 08:00:00,0.753716955,1,0.034837,0.006337,0.217914,MEDIUM
2024.03.01 16:00:00,0.786644675,1,0.202279,-0.139491,0.544974,MEDIUM
2024.03.04 00:00:00,0.682596181,1,0.070303,-0.069574,0.635324,WEAK
2024.03.08 20:00:00,0.654481658,1,0.062222,-0.027252,0.921339,WEAK
2024.03.11 20:00:00,0.672712295,1,0.050729,0.03517,0.560397,WEAK
2024.03.12 16:00:00,0.86424371,1,0.05165,-0.003138,0.180714,STRONG
2024.03.12 20:00:00,0.69742753,1,0.116467,0.192219,0.263206,WEAK
2024.03.13 08:00:00,0.683904725,1,0.017979,-0.105555,0.280797,WEAK
2024.03.14 08:00:00,0.668246922,1,0.119466,0.011731,0.54973,WEAK
2024.03.14 20:00:00,0.786438106,1,0.032934,0.095833,-0.052785,MEDIUM
2024.03.15 04:00:00,0.729961879,1,0.018055,-0.031412,-0.00067,MEDIUM
2024.03.15 12:00:00,0.765274497,1,0.079227,0.028273,0.187388,MEDIUM
2024.03.15 20:00:00,0.81719559,1,0.041616,-0.034565,0.15267,STRONG
2024.03.18 08:00:00,0.65293957,1,0.108276,0.022002,0.327073,WEAK
2024.03.18 20:00:00,0.751528057,1,0.017284,-0.010221,0.261022,MEDIUM
2024.03.19 12:00:00,0.828915084,1,0.076383,-0.12851,0.128411,STRONG
2024.03.19 16:00:00,0.705421929,1,0.206673,0.207618,0.400201,MEDIUM
2024.03.20 04:00:00,0.650151416,1,0.014938,0.028323,0.361461,WEAK
2024.03.20 16:00:00,0.8597761,1,0.191068,0.017344,0.438385,STRONG
2024.03.22 00:00:00,0.817821348,1,0.142822,0.012648,0.18432,STRONG
2024.03.22 12:00:00,0.821867865,1,0.175124,-0.075489,0.092627,STRONG
2024.03.22 20:00:00,0.799361098,1,0.03651,-0.064319,0.110751,MEDIUM
2024.03.28 12:00:00,0.784704294,1,0.27135,-0.140438,0.723935,MEDIUM
2024.03.29 00:00:00,0.751535941,1,0.027722,-0.037256,0.390916,MEDIUM
2024.03.29 08:00:00,0.65731802,1,0.024553,0.005549,0.436002,WEAK
2024.04.01 00:00:00,0.705830997,1,0.075188,-0.009511,0.769201,MEDIUM
2024.04.01 20:00:00,0.77633008,1,0.043822,0.019937,-0.181129,MEDIUM
2024.04.02 08:00:00,0.772377205,1,0.13931,-0.010366,0.16858,MEDIUM
2024.04.02 16:00:00,0.691172188,1,0.116933,-0.016727,0.289866,WEAK
2024.04.03 16:00:00,0.658414734,1,0.574899,0.001591,0.918211,WEAK
2024.04.05 00:00:00,0.651328283,1,0.141537,-0.047487,0.728349,WEAK
2024.04.05 16:00:00,0.69593426,1,0.316586,-0.06517,0.602157,WEAK
2024.04.09 20:00:00,0.679424317,1,0.060739,-0.02921,0.855062,WEAK
2024.04.10 20:00:00,0.793264991,1,0.046253,0.011981,-0.100407,MEDIUM
2024.04.11 08:00:00,0.675095354,1,0.023904,-0.027122,0.142269,WEAK
2024.04.11 12:00:00,0.667831678,1,0.133683,-0.077398,0.241315,WEAK
2024.04.11 20:00:00,0.79160328,1,0.128257,0.178246,0.23712,MEDIUM
2024.04.12 20:00:00,0.721008168,1,0.009639,0.128756,0.114969,MEDIUM
2024.04.16 00:00:00,0.701779115,1,0.017688,-0.003217,0.157552,MEDIUM
2024.04.16 08:00:00,0.682023245,1,0.030555,-0.09581,0.221048,WEAK
2024.04.17 00:00:00,0.717132711,1,0.055514,0.12656,0.259288,MEDIUM
2024.04.17 20:00:00,0.767490098,1,0.20555,0.019317,0.592796,MEDIUM
2024.04.19 08:00:00,0.842903242,1,0.165592,0.116233,0.438948,STRONG
2024.04.19 12:00:00,0.663631922,1,0.066675,0.210428,0.555588,WEAK
2024.04.22 00:00:00,0.721583586,1,0.054961,-0.01779,-0.044526,MEDIUM
2024.04.22 16:00:00,0.84828438,1,0.290759,-0.078804,0.101304,STRONG
2024.04.23 00:00:00,0.664974497,1,0.100368,-0.132845,0.213672,WEAK
2024.04.23 08:00:00,0.652665437,1,0.151172,-0.12796,0.342566,WEAK
2024.04.24 12:00:00,0.710971183,1,0.124582,0.020125,0.757912,MEDIUM
2024.04.25 16:00:00,0.686707892,1,0.289258,-0.079412,0.885201,WEAK
2024.04.26 20:00:00,0.701471127,1,0.044826,0.291592,0.623754,MEDIUM
2024.04.29 12:00:00,0.670421883,1,0.090186,-0.039161,0.788302,WEAK
2024.05.01 00:00:00,0.693560739,1,0.024829,-0.068055,0.134395,WEAK
2024.05.01 08:00:00,0.765955797,1,0.16403,-0.046504,0.301126,MEDIUM
2024.05.01 20:00:00,0.705644166,1,0.383912,0.010419,0.615565,MEDIUM
2024.05.02 16:00:00,0.680415486,1,0.011185,-0.266293,0.473125,WEAK
2024.05.03 20:00:00,0.696853035,1,0.032678,0.079014,0.695581,WEAK
2024.05.08 12:00:00,0.819763402,1,0.03686,0.049729,0.064528,STRONG
2024.05.08 16:00:00,0.697661979,1,0.144025,-0.008017,0.220727,WEAK
2024.05.09 12:00:00,0.798708121,1,0.235155,-0.194868,0.37057,MEDIUM
2024.05.09 16:00:00,0.661152018,1,0.093495,0.338269,0.468944,WEAK
2024.05.10 16:00:00,0.683102944,1,0.098129,-0.107863,0.827274,WEAK
2024.05.14 12:00:00,0.699143352,1,0.196764,0.080739,0.764472,WEAK
2024.05.23 00:00:00,0.66247725,1,0.06368,0.013375,0.676555,WEAK
2024.05.23 12:00:00,0.657329573,1,0.089537,-0.081005,0.871955,WEAK
2024.05.24 00:00:00,0.829813289,1,0.029934,0.01419,0.055733,STRONG
2024.05.24 08:00:00,0.802298162,1,0.102324,-0.100102,0.314023,STRONG
2024.05.30 04:00:00,0.716172588,1,0.014178,-0.00788,0.010847,MEDIUM
2024.05.30 08:00:00,0.73145116,1,0.132157,-0.065409,0.189357,MEDIUM
2024.05.30 12:00:00,0.68712048,1,0.096664,0.174276,0.308777,WEAK
2024.05.31 12:00:00,0.706143046,1,0.289491,0.049606,0.593954,MEDIUM
2024.05.31 20:00:00,0.762727189,1,0.100454,0.05347,0.615067,MEDIUM
2024.06.03 12:00:00,0.773783092,1,0.208937,-0.076354,0.56285,MEDIUM
2024.06.04 16:00:00,0.678497795,1,0.168147,0.125562,0.76651,WEAK
2024.06.05 20:00:00,0.684005583,1,0.072731,0.151311,0.657845,WEAK
2024.06.10 00:00:00,0.677850217,1,0.010217,-0.111654,0.001555,WEAK
2024.06.10 12:00:00,0.828927803,1,0.038544,-0.138522,0.108721,STRONG
2024.06.10 16:00:00,0.723972814,1,0.124131,0.125315,0.253228,MEDIUM
2024.06.11 12:00:00,0.696597846,1,0.153011,0.071576,0.477586,WEAK
2024.06.11 20:00:00,0.742803192,1,0.080068,0.166067,0.473631,MEDIUM
2024.06.13 00:00:00,0.66230633,1,0.009379,-0.002345,0.788043,WEAK
2024.06.13 20:00:00,0.734988891,1,0.138681,0.054167,0.503063,MEDIUM
2024.06.17 00:00:00,0.722145874,1,0.023651,-0.056001,0.128529,MEDIUM
2024.06.17 16:00:00,0.714570478,1,0.226847,0.041078,0.293599,MEDIUM
2024.06.18 12:00:00,0.727913569,1,0.08825,-0.031564,0.355044,MEDIUM
2024.06.21 00:00:00,0.683238108,1,0.030025,-0.027658,-0.001993,WEAK
2024.06.21 20:00:00,0.838971706,1,0.016613,0.106164,0.118406,STRONG
2024.06.24 00:00:00,0.698646052,1,0.05617,-0.071228,0.155958,WEAK
2024.06.27 04:00:00,0.766796539,1,0.170937,0.010307,0.23007,MEDIUM
2024.06.27 12:00:00,0.658228018,1,0.158828,0.062567,0.412222,WEAK
2024.06.28 08:00:00,0.661353336,1,0.097345,0.006338,0.324727,WEAK
2024.06.28 20:00:00,0.681971113,1,0.011864,0.090336,0.453823,WEAK
2024.07.02 12:00:00,0.779734427,1,0.28189,0.09195,0.856525,MEDIUM
2024.07.04 00:00:00,0.664679982,1,0.101172,-0.018847,0.99268,WEAK
2024.07.09 20:00:00,0.708946372,1,0.025027,0.028174,0.36904,MEDIUM
2024.07.17 20:00:00,0.671131377,1,0.033824,0.013078,0.81771,WEAK
2024.07.19 00:00:00,0.725435897,1,0.031673,-0.04173,0.167304,MEDIUM
2024.07.19 12:00:00,0.814324178,1,0.023993,-0.111503,0.092219,STRONG
2024.07.22 00:00:00,0.739706282,1,0.153922,-0.007748,0.242717,MEDIUM
2024.07.22 08:00:00,0.697519768,1,0.077354,-0.017038,0.281585,WEAK
2024.07.22 16:00:00,0.676856061,1,0.012386,-0.06737,0.265619,WEAK
2024.07.23 16:00:00,0.856003085,1,0.034082,0.128028,0.252204,STRONG
2024.07.24 08:00:00,0.824095661,1,0.06901,-0.047347,0.118027,STRONG
2024.07.24 12:00:00,0.680699551,1,0.243653,0.082314,0.755863,WEAK
2024.07.25 16:00:00,0.858825456,1,0.062874,0.030328,0.15302,STRONG
2024.07.26 00:00:00,0.777344236,1,0.08478,-0.027239,0.028556,MEDIUM
2024.07.26 04:00:00,0.653497411,1,0.055194,0.061498,0.141881,WEAK
2024.07.26 08:00:00,0.701420084,1,0.013991,0.024117,0.192387,MEDIUM
2024.07.26 12:00:00,0.664582512,1,0.007772,-0.014,0.228812,WEAK
2024.07.26 16:00:00,0.678932885,1,0.060586,-0.04434,0.334406,WEAK
2024.07.29 00:00:00,0.692986481,1,0.221191,-0.073062,0.494547,WEAK
2024.07.29 12:00:00,0.86799652,1,0.195512,-0.01015,0.136228,STRONG
2024.07.29 16:00:00,0.721896174,1,0.12525,0.124153,0.307836,MEDIUM
2024.07.30 16:00:00,0.84584322,1,0.037402,-0.069376,0.160057,STRONG
2024.07.30 20:00:00,0.728886103,1,0.015582,0.056944,0.218408,MEDIUM
2024.07.31 00:00:00,0.679465864,1,0.112923,-0.045997,0.306817,WEAK
2024.07.31 12:00:00,0.815409774,1,0.136991,-0.00078,0.444275,STRONG
2024.07.31 20:00:00,0.792445903,1,0.147798,-0.010919,0.583296,MEDIUM
2024.08.01 12:00:00,0.783830341,1,0.245896,-0.198023,0.133035,MEDIUM
2024.08.02 04:00:00,0.686919717,1,0.00943,-0.062103,-0.013528,WEAK
2024.08.02 08:00:00,0.728669205,1,0.080878,-0.047196,0.099935,MEDIUM
2024.08.02 20:00:00,0.756419489,1,0.125734,0.039114,0.50152,MEDIUM
2024.08.05 04:00:00,0.686925622,1,0.130463,-0.014085,0.501807,WEAK
2024.08.05 16:00:00,0.737121628,1,0.108097,0.164213,0.370551,MEDIUM
2024.08.06 16:00:00,0.862801205,1,0.20071,0.048135,0.109904,STRONG
2024.08.07 00:00:00,0.836698893,1,0.155088,-0.030746,0.178261,STRONG
2024.08.07 12:00:00,0.657024596,1,0.162704,0.07803,0.336453,WEAK
2024.08.08 16:00:00,0.718327832,1,0.522664,0.086065,0.65496,MEDIUM
2024.08.09 16:00:00,0.688848412,1,0.162251,0.040861,0.893768,WEAK
2024.08.15 16:00:00,0.656344512,1,0.25989,-0.086652,0.729257,WEAK
2024.08.19 16:00:00,0.650918048,1,0.235718,-0.013135,0.949105,WEAK
2024.08.21 12:00:00,0.681957159,1,0.249138,0.011529,0.853286,WEAK
2024.08.22 20:00:00,0.660253373,1,0.041248,-0.038986,0.757108,WEAK
2024.08.28 20:00:00,0.742574864,1,0.03639,-0.04934,0.273088,MEDIUM
2024.08.29 16:00:00,0.864854563,1,0.16461,-0.067662,0.258449,STRONG
2024.08.30 00:00:00,0.836262109,1,0.053919,-0.034187,0.178701,STRONG
2024.08.30 08:00:00,0.672845373,1,0.143366,0.029635,0.327116,WEAK
2024.08.30 20:00:00,0.863122534,1,0.077688,0.014493,0.089795,STRONG
2024.09.02 00:00:00,0.67682021,1,0.066242,0.060253,0.157648,WEAK
2024.09.02 08:00:00,0.729892598,1,0.070042,0.022104,0.210974,MEDIUM
2024.09.03 12:00:00,0.745732546,1,0.063211,0.009154,0.296563,MEDIUM
2024.09.03 20:00:00,0.865233297,1,0.09226,-0.006112,0.197968,STRONG
2024.09.04 04:00:00,0.811172412,1,0.102154,0.027485,0.284344,STRONG
2024.09.04 08:00:00,0.652101,1,0.025913,-0.00458,0.345683,WEAK
2024.09.05 16:00:00,0.673117488,1,0.088057,-0.017486,0.981894,WEAK
2024.09.06 20:00:00,0.744865485,1,0.075398,0.020595,0.354173,MEDIUM
2024.09.09 16:00:00,0.822906326,1,0.106892,-0.035189,0.135109,STRONG
2024.09.10 04:00:00,0.760386532,1,0.107824,0.028335,0.157033,MEDIUM
2024.09.10 20:00:00,0.67671968,1,0.087161,0.12491,0.28548,WEAK
2024.09.11 20:00:00,0.856883708,1,0.050601,0.257655,0.097718,STRONG
2024.09.12 04:00:00,0.736894454,1,0.113421,-0.015345,0.22272,MEDIUM
2024.09.12 12:00:00,0.722735855,1,0.05056,0.039134,0.310104,MEDIUM
2024.09.23 12:00:00,0.672565329,1,0.419434,0.172096,0.811793,WEAK
2024.09.25 12:00:00,0.664419898,1,0.120935,-0.088222,0.753189,WEAK
2024.09.26 00:00:00,0.701655746,1,0.07353,0.000751,0.327631,MEDIUM
2024.09.27 12:00:00,0.671425453,1,0.374691,0.08084,0.837156,WEAK
2024.10.01 00:00:00,0.683402646,1,0.059065,0.124346,0.452451,WEAK
2024.10.01 20:00:00,0.7715195,1,0.226576,-0.064927,-0.015588,MEDIUM
2024.10.02 08:00:00,0.7811946,1,0.205313,-0.055021,0.217993,MEDIUM
2024.10.03 00:00:00,0.66439429,1,0.029408,-0.034696,0.194481,WEAK
2024.10.03 16:00:00,0.760808286,1,0.093712,-0.007638,0.034365,MEDIUM
2024.10.04 00:00:00,0.718453422,1,0.124137,0.003051,0.140088,MEDIUM
2024.10.04 08:00:00,0.655015027,1,0.220423,0.02667,0.27151,WEAK
2024.10.04 16:00:00,0.750349852,1,0.278301,-0.042829,0.214642,MEDIUM
2024.10.07 16:00:00,0.712691839,1,0.087091,0.069683,0.272847,MEDIUM
2024.10.08 20:00:00,0.692766518,1,0.128957,-0.032874,0.47564,WEAK
2024.10.09 12:00:00,0.763273342,1,0.03669,0.15932,0.286167,MEDIUM
2024.10.09 20:00:00,0.836908262,1,0.033658,-0.044392,0.15468,STRONG
2024.10.10 00:00:00,0.694603481,1,0.026016,0.019143,0.132997,WEAK
2024.10.10 08:00:00,0.661476236,1,0.013003,0.003061,0.25073,WEAK
2024.10.10 12:00:00,0.747792452,1,0.013001,-0.356613,0.295206,MEDIUM
2024.10.10 20:00:00,0.900282377,1,0.182253,-0.026103,0.158591,STRONG
2024.10.11 00:00:00,0.695816057,1,0.164574,0.153589,0.261273,WEAK
2024.10.11 08:00:00,0.807081338,1,0.183579,-0.051348,0.447876,STRONG
2024.10.11 16:00:00,0.769409537,1,0.056608,0.039076,0.469385,MEDIUM
2024.10.14 04:00:00,0.691888228,1,0.058198,0.01457,0.321649,WEAK
2024.10.14 16:00:00,0.868639767,1,0.135615,-0.007674,0.276643,STRONG
2024.10.14 20:00:00,0.69159106,1,0.061257,0.089794,0.453992,WEAK
2024.10.15 08:00:00,0.790713352,1,0.202655,-0.091974,0.816238,MEDIUM
2024.10.15 20:00:00,0.716633007,1,0.035948,-0.060452,0.743596,MEDIUM
2024.10.16 12:00:00,0.776257584,1,0.086822,0.142503,-0.044816,MEDIUM
2024.10.17 00:00:00,0.753609435,1,0.056207,0.020036,0.000164,MEDIUM
2024.10.17 12:00:00,0.751753486,1,0.235992,0.016187,0.302583,MEDIUM
2024.10.22 00:00:00,0.655076142,1,0.011556,0,0.163171,WEAK
2024.10.22 16:00:00,0.868045476,1,0.147979,-0.085677,0.145844,STRONG
2024.10.22 20:00:00,0.682785478,1,0.079322,0.218624,0.258438,WEAK
2024.10.24 00:00:00,0.809001684,1,0.09129,0.013946,0.09243,STRONG
2024.10.24 04:00:00,0.65607043,1,0.033255,0.06817,0.151921,WEAK
2024.10.24 20:00:00,0.74451928,1,0.135624,0.081867,0.609836,MEDIUM
2024.10.29 08:00:00,0.650542334,1,0.17329,0.015435,0.772805,WEAK
2024.10.30 16:00:00,0.853366594,1,0.377733,0.074979,0.706542,STRONG
2024.10.31 04:00:00,0.655880149,1,0.005405,-0.048654,0.190487,WEAK
2024.10.31 08:00:00,0.654032113,1,0.234973,0.040178,0.50903,WEAK
2024.10.31 20:00:00,0.818906419,1,0.27598,0.091096,0.010957,STRONG
2024.11.01 04:00:00,0.725743818,1,0.020934,-0.001552,0.117657,MEDIUM
2024.11.01 08:00:00,0.666827637,1,0.048822,-0.031811,0.18775,WEAK
2024.11.04 00:00:00,0.696936433,1,0.047785,0.254727,0.62006,WEAK
2024.11.06 08:00:00,0.844642702,1,0.098442,-0.130607,0.142018,STRONG
2024.11.06 16:00:00,0.852503163,1,0.198608,-0.052956,0.124583,STRONG
2024.11.07 00:00:00,0.771891029,1,0.14896,-0.069107,0.197386,MEDIUM
2024.11.07 12:00:00,0.679154374,1,0.497225,-0.079026,0.640183,WEAK
2024.11.08 20:00:00,0.732483147,1,0.167199,0.097023,0.393366,MEDIUM
2024.11.12 20:00:00,0.78856576,1,0.106691,0.105354,0.008444,MEDIUM
2024.11.13 00:00:00,0.677406985,1,0.072941,-0.012566,0.072683,WEAK
2024.11.13 08:00:00,0.690222505,1,0.063523,-0.068303,0.157793,WEAK
2024.11.14 16:00:00,0.695060596,1,0.366044,0.205866,0.292678,WEAK
2024.11.15 00:00:00,0.746486325,1,0.057639,0.074326,0.20893,MEDIUM
2024.11.18 00:00:00,0.841071123,1,0.150371,0.055568,0.199819,STRONG
2024.11.19 12:00:00,0.782951838,1,0.062522,0.096728,0.316755,MEDIUM
2024.11.21 12:00:00,0.803352999,1,0.119394,0.019013,0.359123,STRONG
2024.11.22 12:00:00,0.773991698,1,0.069487,-0.042426,-0.044611,MEDIUM
2024.11.22 16:00:00,0.714121937,1,0.078211,0.160167,0.067379,MEDIUM
2024.11.22 20:00:00,0.676245289,1,0.009576,0.118334,0.121324,WEAK
2024.11.25 00:00:00,0.67707776,1,0.033349,0.325832,0.403597,WEAK
2024.11.25 12:00:00,0.735741183,1,0.29339,0.024705,0.543915,MEDIUM
2024.11.25 20:00:00,0.780969881,1,0.112188,0.098873,0.373466,MEDIUM
2024.11.26 04:00:00,0.774809081,1,0.169747,0.139124,0.317271,MEDIUM
2024.11.26 20:00:00,0.726028918,1,0.251416,-0.053466,0.545898,MEDIUM
2024.11.28 12:00:00,0.654832119,1,0.101076,0.021353,0.800918,WEAK
2024.12.02 20:00:00,0.880412671,1,0.075076,0.193399,0.163018,STRONG
2024.12.03 04:00:00,0.668436033,1,0.005535,-0.03164,0.162313,WEAK
2024.12.03 08:00:00,0.650107769,1,0.238219,0.037189,0.457483,WEAK
2024.12.03 16:00:00,0.741255709,1,0.174919,-0.053784,0.57888,MEDIUM
2024.12.04 00:00:00,0.687110276,1,0.026051,-0.045005,0.332617,WEAK
2024.12.04 16:00:00,0.717548375,1,0.364094,0.009479,0.856148,MEDIUM
2024.12.05 20:00:00,0.662790861,1,0.111281,-0.012565,1.009663,WEAK
2024.12.06 20:00:00,0.722409692,1,0.115366,0.014936,0.662793,MEDIUM
2024.12.09 08:00:00,0.66249024,1,0.380621,0.02595,0.816056,WEAK
2024.12.11 12:00:00,0.82697079,1,0.316366,-0.109218,0.689031,STRONG
2024.12.11 20:00:00,0.825746307,1,0.057252,-0.009424,0.465945,STRONG
2024.12.13 12:00:00,0.863631963,1,0.19187,0.118082,0.123918,STRONG
2024.12.13 20:00:00,0.82467057,1,0.008715,0.036484,0.053243,STRONG
2024.12.16 00:00:00,0.708486887,1,0.194688,-0.036471,0.159099,MEDIUM
2024.12.17 08:00:00,0.672616593,1,0.096164,-0.048925,0.570994,WEAK
2024.12.18 12:00:00,0.651172918,1,0.027578,0.051263,0.645217,WEAK
2024.12.19 00:00:00,0.781930175,1,0.199368,-0.009553,-0.008071,MEDIUM
2024.12.19 08:00:00,0.775562653,1,0.598698,0.013512,0.442732,MEDIUM
2024.12.20 08:00:00,0.725613588,1,0.12797,0.013627,0.144848,MEDIUM
2024.12.23 00:00:00,0.684338438,1,0.177251,-0.070831,0.438463,WEAK
2024.12.24 20:00:00,0.689084243,1,0.085395,0.002396,0.442872,WEAK
2024.12.26 20:00:00,0.682562296,1,0.086217,0.113589,0.316779,WEAK
2024.12.27 12:00:00,0.698649624,1,0.523281,0.031988,1.086429,WEAK
2024.12.27 20:00:00,0.699822786,1,0.118489,0.046201,1.022887,WEAK
2024.12.30 20:00:00,0.684331122,1,0.05577,0.277456,0.579329,WEAK
2025.01.02 00:00:00,0.69274642,1,0.08067,0.012794,0.231102,WEAK
2025.01.02 20:00:00,0.784641608,1,0.064618,0.094721,-0.065702,MEDIUM
2025.01.03 16:00:00,0.687934825,1,0.139308,0.012918,0.287305,WEAK
2025.01.06 20:00:00,0.690303532,1,0.013578,0.271074,0.792302,WEAK
2025.01.08 20:00:00,0.832386616,1,0.140741,0.174456,0.077061,STRONG
2025.01.09 12:00:00,0.868824238,1,0.152836,0.106224,0.086104,STRONG
2025.01.09 20:00:00,0.715940202,1,0.047939,0.075688,0.184658,MEDIUM
2025.01.10 08:00:00,0.701780754,1,0.216225,-0.062733,0.263617,MEDIUM
2025.01.13 12:00:00,0.855227131,1,0.28826,-0.014874,0.102579,STRONG
2025.01.13 16:00:00,0.661930375,1,0.263679,0.272736,0.213555,WEAK
2025.01.13 20:00:00,0.671165492,1,0.236011,0.253037,0.32714,WEAK
2025.01.14 16:00:00,0.78488325,1,0.264248,0.019772,0.36859,MEDIUM
2025.01.15 20:00:00,0.735977338,1,0.234412,0.15746,0.802597,MEDIUM
2025.01.20 00:00:00,0.657870308,1,0.173061,-0.037815,0.31897,WEAK
2025.01.20 12:00:00,0.715717371,1,0.983039,0.098638,1.089692,MEDIUM
2025.01.20 20:00:00,0.706699429,1,0.365043,0.195842,1.146327,MEDIUM
2025.01.21 04:00:00,0.660515685,1,0.01059,0.201667,0.786575,WEAK
2025.01.21 12:00:00,0.684740343,1,0.245954,-0.046589,0.766402,WEAK
2025.01.27 20:00:00,0.703058222,1,0.196808,0.017646,0.841237,MEDIUM
2025.01.29 16:00:00,0.84012441,1,0.356043,0.027435,0.416993,STRONG
2025.01.29 20:00:00,0.707595006,1,0.061847,0.125844,0.467665,MEDIUM
2025.01.31 00:00:00,0.79912261,1,0.066835,-0.009671,0.225613,MEDIUM
2025.01.31 08:00:00,0.69791413,1,0.007245,-0.105528,0.27905,WEAK
2025.01.31 16:00:00,0.78266702,1,0.322793,-0.145096,0.780203,MEDIUM
2025.02.03 08:00:00,0.750006834,1,0.126089,0.191848,-0.027204,MEDIUM
2025.02.03 12:00:00,0.70438248,1,0.585509,0.158073,0.316604,MEDIUM
2025.02.03 16:00:00,0.670135728,1,0.232371,0.35551,0.45124,WEAK
2025.02.04 08:00:00,0.70846324,1,0.220523,0.114712,0.603475,MEDIUM
2025.02.06 16:00:00,0.724074566,1,0.472597,0.169087,0.436887,MEDIUM
2025.02.10 00:00:00,0.66469424,1,0.111443,-0.271003,0.09275,WEAK
2025.02.11 04:00:00,0.687110174,1,0.01537,-0.068808,0.162107,WEAK
2025.02.11 08:00:00,0.751371759,1,0.033965,-0.106118,0.192707,MEDIUM
2025.02.11 12:00:00,0.681993025,1,0.261328,0.193809,0.464594,WEAK
2025.02.12 16:00:00,0.760930345,1,0.708475,0.013736,1.03683,MEDIUM
2025.02.13 00:00:00,0.700267696,1,0.185445,-0.011259,0.831039,MEDIUM
2025.02.13 16:00:00,0.71440658,1,0.407293,0.067455,0.982453,MEDIUM
2025.02.19 20:00:00,0.870350483,1,0.100911,0.028656,0.214864,STRONG
2025.02.20 00:00:00,0.65644995,1,0.051657,0.069232,0.205759,WEAK
2025.02.21 04:00:00,0.662068509,1,0.031596,0.011854,0.948282,WEAK
2025.02.24 00:00:00,0.675822252,1,0.388068,0.021386,0.94053,WEAK
2025.02.24 12:00:00,0.691506892,1,0.053777,0.00396,0.615325,WEAK
2025.02.25 12:00:00,0.737507478,1,0.366994,0.076155,0.840107,MEDIUM
2025.02.26 08:00:00,0.66255483,1,0.117754,0.007915,0.5731,WEAK
2025.02.28 08:00:00,0.812532034,1,0.074632,-0.060411,0.107707,STRONG
2025.02.28 12:00:00,0.720998625,1,0.059511,0.085104,0.196172,MEDIUM
2025.03.03 00:00:00,0.866989691,1,0.241109,0.12262,0.330641,STRONG
2025.03.03 08:00:00,0.66290826,1,0.185295,-0.114317,0.511348,WEAK
2025.03.04 00:00:00,0.687453002,1,0.027565,0.058359,0.85999,WEAK
2025.03.05 16:00:00,0.660614527,1,0.441014,0.13044,0.98839,WEAK
2025.03.06 12:00:00,0.693612033,1,0.156628,-0.024089,0.827609,WEAK
2025.03.10 12:00:00,0.661051276,1,0.429891,0.003884,0.843164,WEAK
2025.03.11 00:00:00,0.717944626,1,0.093903,0.087861,0.312824,MEDIUM
2025.03.14 12:00:00,0.802593764,1,0.067224,0.018579,0.426267,STRONG
2025.03.14 20:00:00,0.851596747,1,0.098161,0.106113,0.362398,STRONG
2025.03.17 08:00:00,0.666398075,1,0.053315,-0.003867,0.458509,WEAK
2025.03.18 16:00:00,0.718297541,1,0.223865,0.013898,0.929676,MEDIUM
2025.03.20 16:00:00,0.869616712,1,0.107981,-0.000773,0.194918,STRONG
2025.03.20 20:00:00,0.724454838,1,0.011568,0.160795,0.227497,MEDIUM
2025.03.21 08:00:00,0.749259467,1,0.006955,-0.118261,0.041301,MEDIUM
2025.03.24 00:00:00,0.757429756,1,0.311589,-0.134789,0.21068,MEDIUM
2025.03.24 08:00:00,0.855928773,1,0.280242,0.011618,0.441157,STRONG
2025.03.24 20:00:00,0.88383838,1,0.150891,0.039549,0.259363,STRONG
2025.03.25 12:00:00,0.747335734,1,0.328833,0.078291,0.712573,MEDIUM
2025.03.26 16:00:00,0.825983659,1,0.020161,-0.06986,0.092579,STRONG
2025.03.27 00:00:00,0.820826697,1,0.026379,-0.06755,0.116995,STRONG
2025.03.27 04:00:00,0.65962329,1,0.248427,0.142961,0.487352,WEAK
2025.03.31 20:00:00,0.766091997,1,0.078192,0.145118,0.321118,MEDIUM
2025.04.01 16:00:00,0.892231532,1,0.283911,-0.049668,0.346382,STRONG
2025.04.02 04:00:00,0.692994323,1,0.059605,-0.030984,0.301367,WEAK
2025.04.04 12:00:00,0.674434413,1,0.137684,-0.103273,0.481421,WEAK
2025.04.07 00:00:00,0.734528699,1,0.601892,-0.234181,0.234116,MEDIUM
2025.04.08 00:00:00,0.733893244,1,0.282315,0.05587,0.106469,MEDIUM
2025.04.08 12:00:00,0.673862342,1,0.185503,-0.166336,0.245941,WEAK
2025.04.09 00:00:00,0.676367777,1,0.514253,-0.047825,0.381674,WEAK
2025.04.09 20:00:00,0.712074355,1,0.46706,-0.067443,0.55489,MEDIUM
2025.04.11 20:00:00,0.715259314,1,0.173628,0.102067,0.849153,MEDIUM
2025.04.23 08:00:00,0.663106091,1,0.10961,-0.058704,0.384079,WEAK
2025.04.24 00:00:00,0.773763033,1,0.156664,-0.040754,0.16737,MEDIUM
2025.04.24 08:00:00,0.667539163,1,0.234558,-0.003015,0.317714,WEAK
2025.04.25 08:00:00,0.690711509,1,0.112763,-0.039912,0.416765,WEAK
2025.04.29 08:00:00,0.666025794,1,0.111102,0.017172,0.869467,WEAK
2025.05.01 08:00:00,0.761057313,1,0.236398,-0.142936,0.229653,MEDIUM
2025.05.02 00:00:00,0.770464303,1,0.076814,0.037707,0.117043,MEDIUM
2025.05.05 00:00:00,0.720327146,1,0.072337,-0.030914,0.217306,MEDIUM
2025.05.05 12:00:00,0.693124744,1,0.366814,0.05047,0.72609,WEAK
2025.05.05 20:00:00,0.766233468,1,0.17072,0.008289,0.484017,MEDIUM
2025.05.06 04:00:00,0.710576629,1,0.25334,-0.05427,0.629374,MEDIUM
2025.05.06 20:00:00,0.706618871,1,0.077047,0.039697,0.978489,MEDIUM
2025.05.08 00:00:00,0.747643236,1,0.075212,0.037651,0.353207,MEDIUM
2025.05.08 12:00:00,0.767694297,1,0.434554,-0.149307,0.511866,MEDIUM
2025.05.09 00:00:00,0.65285745,1,-0.005287,-0.131454,0.06017,WEAK
2025.05.09 08:00:00,0.786483401,1,0.254708,0.092347,0.270088,MEDIUM
2025.05.12 12:00:00,0.745997625,1,0.015156,-0.139835,0.016941,MEDIUM
2025.05.13 00:00:00,0.754857766,1,0.093335,-0.006838,0.092316,MEDIUM
2025.05.15 00:00:00,0.673612207,1,0.17103,-0.027917,0.569291,WEAK
2025.05.15 20:00:00,0.708245227,1,0.117254,0.174163,0.681784,MEDIUM
2025.05.16 20:00:00,0.778709619,1,0.110665,0.130563,0.338031,MEDIUM
2025.05.19 20:00:00,0.668129117,1,0.045656,-0.007493,0.919777,WEAK
2025.05.20 16:00:00,0.664581289,1,0.232586,-0.005999,0.824445,WEAK
2025.05.21 12:00:00,0.694399047,1,0.175078,-0.014189,0.874238,WEAK
2025.05.27 12:00:00,0.699522669,1,0.183605,0.088008,0.702069,WEAK
2025.05.28 08:00:00,0.83737275,1,0.272411,-0.070522,0.33352,STRONG
2025.05.28 16:00:00,0.823947163,1,0.041559,-0.121791,0.082867,STRONG
2025.05.29 04:00:00,0.843781363,1,0.085567,0.025344,0.06953,STRONG
2025.05.29 08:00:00,0.697003232,1,0.151558,0.053656,0.209561,WEAK
2025.06.02 20:00:00,0.708734628,1,0.15948,-0.008877,0.950687,MEDIUM
2025.06.06 20:00:00,0.781305403,1,0.044361,0.062189,0.253037,MEDIUM
2025.06.09 16:00:00,0.700164505,1,0.161523,-0.065762,0.54133,MEDIUM
2025.06.10 12:00:00,0.871949102,1,0.142888,0.177619,0.099092,STRONG
2025.06.11 08:00:00,0.822554688,1,0.087444,-0.077183,0.205172,STRONG
2025.06.11 12:00:00,0.674422557,1,0.182706,0.153742,0.445555,WEAK
2025.06.12 12:00:00,0.734748664,1,0.324019,0.27287,1.009162,MEDIUM
2025.06.12 20:00:00,0.751364116,1,0.156472,0.021353,0.938021,MEDIUM
2025.06.13 08:00:00,0.712155229,1,0.185114,-0.066518,0.609284,MEDIUM
2025.06.13 16:00:00,0.687879773,1,0.448704,-0.043633,0.795172,WEAK
2025.06.18 00:00:00,0.751989087,1,0.090088,0.001491,-0.094637,MEDIUM
2025.06.18 08:00:00,0.666507591,1,0.068387,0.089379,0.128485,WEAK
2025.06.18 16:00:00,0.699601482,1,0.07134,-0.018604,0.214559,WEAK
2025.06.19 08:00:00,0.681511652,1,0.122141,-0.032121,0.246768,WEAK
2025.06.19 20:00:00,0.709355529,1,0.321496,0.057391,0.4615,MEDIUM
2025.06.23 08:00:00,0.694369711,1,0.038019,0.046258,0.217605,WEAK
2025.06.23 16:00:00,0.868538489,1,0.742651,0.125654,0.841007,STRONG
2025.06.25 16:00:00,0.701352962,1,0.318908,0.025017,0.81334,MEDIUM
2025.06.26 16:00:00,0.71374709,1,0.266814,0.050367,0.905912,MEDIUM
2025.06.27 20:00:00,0.673298675,1,0.07727,-0.15033,0.656788,WEAK
2025.07.01 20:00:00,0.694349764,1,0.159316,0.128437,0.719567,WEAK
2025.07.02 16:00:00,0.751233066,1,0.169468,-0.190597,-0.065193,MEDIUM
2025.07.02 20:00:00,0.705516736,1,0.022004,0.468923,0.033838,MEDIUM
2025.07.03 00:00:00,0.687977215,1,0.100386,0.006605,0.150998,WEAK
2025.07.03 08:00:00,0.76566842,1,0.25541,0.013213,0.303754,MEDIUM
2025.07.03 16:00:00,0.860500601,1,0.259335,0.197285,0.291273,STRONG
2025.07.03 20:00:00,0.658784435,1,0.02783,0.204978,0.321351,WEAK
2025.07.04 16:00:00,0.743355105,1,0.085733,0.009535,0.367326,MEDIUM
2025.07.07 12:00:00,0.871114781,1,0.27391,-0.027249,0.271269,STRONG
2025.07.07 20:00:00,0.845653301,1,0.038969,-0.033838,0.143175,STRONG
2025.07.08 16:00:00,0.757966461,1,0.007364,-0.279439,0.083896,MEDIUM
2025.07.08 20:00:00,0.743596439,1,0.100057,0.383734,0.219206,MEDIUM
2025.07.09 00:00:00,0.692299592,1,0.028706,-0.007365,0.20108,WEAK
2025.07.09 08:00:00,0.675099644,1,0.116165,0.111326,0.37412,WEAK
2025.07.09 20:00:00,0.742179597,1,0.013985,0.012519,0.280083,MEDIUM
2025.07.10 16:00:00,0.798072215,1,0.027278,-0.175558,0.065108,MEDIUM
2025.07.10 20:00:00,0.717961575,1,0.104579,0.206902,0.279047,MEDIUM
2025.07.11 04:00:00,0.811390186,1,0.00959,0.019933,0.108232,STRONG
2025.07.11 16:00:00,0.732050794,1,0.017029,-0.111886,-0.063167,MEDIUM
2025.07.14 00:00:00,0.780258898,1,0.102231,-0.049688,0.059101,MEDIUM
2025.07.14 08:00:00,0.650555771,1,-0.00371,-0.150685,0.066055,WEAK
2025.07.14 12:00:00,0.744646026,1,0.017807,0.139018,0.127316,MEDIUM
2025.07.15 00:00:00,0.777072465,1,0.092293,-0.037247,0.115462,MEDIUM
2025.07.15 08:00:00,0.668961343,1,0.112296,0.005213,0.229591,WEAK
2025.07.16 00:00:00,0.736059445,1,0.126185,-0.017939,0.142612,MEDIUM
2025.07.16 16:00:00,0.651037945,1,0.214578,-0.133006,0.382519,WEAK
2025.07.17 08:00:00,0.709916525,1,0.111853,-0.073971,0.40135,MEDIUM
2025.07.25 20:00:00,0.786636182,1,0.069247,0.029816,0.035025,MEDIUM
2025.07.28 00:00:00,0.658351661,1,0.193403,-0.017139,0.147945,WEAK
2025.07.28 12:00:00,0.780233217,1,0.125766,-0.023125,0.231566,MEDIUM
2025.07.29 16:00:00,0.784678124,1,0.178427,-0.054826,0.177224,MEDIUM
2025.07.30 08:00:00,0.655974507,1,0.127173,-0.060677,0.376781,WEAK
2025.07.31 00:00:00,0.853378093,1,0.165267,0.015877,0.048992,STRONG
2025.07.31 16:00:00,0.806821526,1,0.047645,-0.174132,0.09658,STRONG
2025.08.01 00:00:00,0.801445796,1,0.024981,-0.040154,0.121806,STRONG
2025.08.01 12:00:00,0.790697383,1,0.927425,-0.158812,0.53188,MEDIUM
2025.08.01 20:00:00,0.705857937,1,0.287577,-0.197858,0.557026,MEDIUM
2025.08.04 04:00:00,0.706763695,1,0.124267,-0.034696,0.571893,MEDIUM
2025.08.06 12:00:00,0.667769979,1,0.252302,0.013553,0.779624,WEAK
2025.08.14 20:00:00,0.701594539,1,0.048782,0.017011,0.567109,MEDIUM
2025.08.19 00:00:00,0.705103339,1,0.042955,-0.036293,0.02287,MEDIUM
2025.08.19 04:00:00,0.696749203,1,0.020733,-0.07187,0.101729,WEAK
2025.08.19 08:00:00,0.701789614,1,0.111685,0.071181,0.277427,MEDIUM
2025.08.19 20:00:00,0.83649824,1,0.023717,-0.055617,0.106057,STRONG
2025.08.20 08:00:00,0.804397125,1,0.197027,0.069828,0.306722,STRONG
2025.08.21 00:00:00,0.76655162,1,0.044587,0.005949,0.123361,MEDIUM
2025.08.21 08:00:00,0.72523106,1,0.100254,-0.095182,0.253345,MEDIUM
2025.08.22 00:00:00,0.742671587,1,0.105066,-0.04101,0.076501,MEDIUM
2025.08.22 08:00:00,0.847006785,1,0.146866,-0.016427,0.153658,STRONG
2025.08.22 16:00:00,0.69361102,1,0.827332,0.039532,0.962471,WEAK
2025.08.25 04:00:00,0.684917721,1,0.108795,-0.036311,0.826935,WEAK
2025.08.26 00:00:00,0.723207323,1,0.198059,0.015618,0.616984,MEDIUM
2025.08.26 08:00:00,0.67940813,1,0.050507,-0.120444,0.507253,WEAK
2025.08.29 16:00:00,0.737531719,1,0.353124,0.002231,0.726109,MEDIUM
2025.09.02 16:00:00,0.804298983,1,0.303155,0.016492,-0.003828,STRONG
2025.09.02 20:00:00,0.73474427,1,0.030605,0.245087,0.077403,MEDIUM
2025.09.03 08:00:00,0.792539083,1,0.279709,-0.205085,0.257361,MEDIUM
2025.09.03 12:00:00,0.666995749,1,0.136314,0.463515,0.341589,WEAK
2025.09.04 08:00:00,0.673958465,1,0.203652,-0.067039,0.499589,WEAK
2025.09.04 20:00:00,0.751443635,1,0.104946,0.014907,0.479933,MEDIUM
2025.09.11 12:00:00,0.8394516,1,0.223704,-0.082204,0.602817,STRONG
2025.09.12 12:00:00,0.71801153,1,0.073098,-0.045083,0.51411,MEDIUM
2025.09.18 00:00:00,0.690730518,1,0.046966,-0.026432,0.568512,WEAK
2025.09.18 20:00:00,0.754684156,1,0.005903,0.076103,-0.057266,MEDIUM
2025.09.19 00:00:00,0.720392718,1,0.025832,-0.033224,-0.010727,MEDIUM
2025.09.19 16:00:00,0.79457457,1,0.104577,0.038625,0.03103,MEDIUM
2025.09.22 00:00:00,0.765831751,1,0.030443,-0.069061,0.096232,MEDIUM
2025.09.22 08:00:00,0.69009295,1,0.261565,0.043856,0.266646,WEAK
2025.09.23 12:00:00,0.66205079,1,0.151579,0.074887,0.535419,WEAK
2025.09.24 20:00:00,0.771064069,1,0.037181,0.119169,0.087319,MEDIUM
2025.09.25 20:00:00,0.760857611,1,0.019488,-0.089234,-0.068136,MEDIUM
2025.09.26 00:00:00,0.654950755,1,0.101907,0.039028,0.029828,WEAK
2025.10.01 20:00:00,0.678123872,1,0.019293,0.029707,0.810559,WEAK
2025.10.03 00:00:00,0.688520291,1,0.095208,-0.061776,0.351928,WEAK
2025.10.03 08:00:00,0.725697764,1,0.167194,-0.0335,0.473626,MEDIUM
2025.10.06 00:00:00,0.664076424,1,0.02381,-0.300086,0.225379,WEAK
2025.10.06 12:00:00,0.823404333,1,0.014139,-0.014905,0.225492,STRONG
2025.10.06 16:00:00,0.668749209,1,0.280509,0.156527,0.64957,WEAK
2025.10.07 16:00:00,0.871117364,1,0.213497,0.129181,0.367607,STRONG
2025.10.08 08:00:00,0.860112824,1,0.112614,-0.04481,0.145676,STRONG
2025.10.08 12:00:00,0.691292261,1,0.081971,0.123283,0.26098,WEAK
2025.10.08 20:00:00,0.88598912,1,0.118628,-0.011965,0.206805,STRONG
2025.10.09 12:00:00,0.901209583,1,0.170342,0.111662,0.193719,STRONG
2025.10.09 20:00:00,0.779687385,1,0.063145,-0.085022,-0.04543,MEDIUM
2025.10.10 00:00:00,0.676539147,1,0.012778,0.092625,0.032752,WEAK
2025.10.10 04:00:00,0.712759081,1,0.033812,0.058683,0.097726,MEDIUM
2025.10.10 16:00:00,0.889671827,1,0.495309,0.052031,0.374564,STRONG
2025.10.10 20:00:00,0.652929079,1,0.063652,0.476323,0.430448,WEAK
2025.10.13 12:00:00,0.724267982,1,0.052499,0.073603,0.390589,MEDIUM
2025.10.14 16:00:00,0.884014055,1,0.419748,0.089824,0.4529,STRONG
2025.10.16 20:00:00,0.714255415,1,0.059548,0.062634,0.834591,MEDIUM
2025.10.21 00:00:00,0.808111312,1,0.073803,-0.024628,0.277328,STRONG
2025.10.21 12:00:00,0.82933501,1,0.050796,-0.049356,0.043357,STRONG
2025.10.22 00:00:00,0.763570698,1,0.010471,-0.035915,0.083003,MEDIUM
2025.10.22 04:00:00,0.701242235,1,0.062037,0.055388,0.19997,MEDIUM
2025.10.22 12:00:00,0.760913226,1,0.020265,-0.053334,-0.057833,MEDIUM
2025.10.22 16:00:00,0.732010179,1,0.355989,0.079668,0.324816,MEDIUM
2025.10.23 08:00:00,0.655141758,1,0.078653,0.06677,0.278841,WEAK
2025.10.23 20:00:00,0.812799778,1,0.091559,-0.022538,0.17748,STRONG
2025.10.24 12:00:00,0.796486668,1,0.184337,-0.003759,0.467703,MEDIUM
2025.10.24 20:00:00,0.886108882,1,0.110442,0.057949,0.184694,STRONG
2025.10.27 08:00:00,0.661951944,1,0.07654,-0.018028,0.421503,WEAK
2025.10.28 16:00:00,0.810764124,1,0.041386,-0.236464,0.075863,STRONG
2025.10.29 00:00:00,0.793324099,1,0.042946,-0.019594,0.044696,MEDIUM
2025.10.29 16:00:00,0.766678986,1,0.179171,-0.01364,0.116902,MEDIUM
2025.10.30 00:00:00,0.853399004,1,0.084827,0.286899,0.112769,STRONG
2025.10.30 16:00:00,0.785623921,1,0.136066,-0.141603,0.111006,MEDIUM
2025.10.31 00:00:00,0.723039296,1,0.110948,0.011416,0.197594,MEDIUM
2025.10.31 16:00:00,0.785533497,1,0.163008,-0.05647,0.176007,MEDIUM
2025.11.03 12:00:00,0.701719791,1,0.012951,0.025921,0.242697,MEDIUM
2025.11.05 04:00:00,0.736932861,1,0.047612,0.027671,0.07391,MEDIUM
2025.11.05 08:00:00,0.652750014,1,0.134973,0.044569,0.19691,WEAK
2025.11.05 16:00:00,0.735093784,1,0.102768,0.015371,0.256758,MEDIUM
2025.11.07 12:00:00,0.664208044,1,0.250554,0.009928,0.872972,WEAK
2025.11.11 12:00:00,0.707486996,1,0.319637,0.038883,0.734605,MEDIUM
2025.11.12 16:00:00,0.825742704,1,0.261047,-0.090105,0.341368,STRONG
2025.11.13 08:00:00,0.731101374,1,0.294158,-0.109798,0.582246,MEDIUM
2025.11.14 04:00:00,0.657332278,1,0.009887,0.028169,0.48951,WEAK
2025.11.14 20:00:00,0.66077961,1,0.09185,0.188192,0.72327,WEAK
2025.11.17 08:00:00,0.653441067,1,0.164836,-0.043375,0.637499,WEAK
2025.11.18 12:00:00,0.670206466,1,0.006082,-0.111804,0.357237,WEAK
2025.11.18 20:00:00,0.767349338,1,0.031191,0.032736,0.260812,MEDIUM
2025.11.19 04:00:00,0.811229016,1,0.101933,-0.019039,0.296644,STRONG
2025.11.20 04:00:00,0.726220415,1,0.050563,-0.054427,0.006713,MEDIUM
2025.11.20 08:00:00,0.676249807,1,0.201081,0.089739,0.205541,WEAK
2025.11.20 12:00:00,0.720681962,1,0.125995,-0.02069,0.323715,MEDIUM
2025.11.20 20:00:00,0.777335521,1,0.02907,0.006123,0.237717,MEDIUM
2025.11.21 12:00:00,0.765009824,1,0.17426,-0.156983,0.396882,MEDIUM
2025.11.24 04:00:00,0.659760035,1,0.103038,0.021398,0.624533,WEAK
2025.11.24 12:00:00,0.667524174,1,0.118274,-0.001528,0.744334,WEAK
2025.11.26 00:00:00,0.676808904,1,0.1032,0.028889,0.970718,WEAK
2025.11.27 12:00:00,0.6625635,1,0.218984,0.015141,0.815735,WEAK
2025.11.28 12:00:00,0.70378415,1,0.132324,-0.002273,0.606267,MEDIUM
2025.12.02 00:00:00,0.825678852,1,0.039357,-0.040127,0.153253,STRONG
2025.12.02 20:00:00,0.867275773,1,0.142287,0.084223,0.310468,STRONG
2025.12.08 12:00:00,0.703428244,1,0.02027,-0.002253,0.316025,MEDIUM
2025.12.08 16:00:00,0.731708065,1,0.030772,-0.061591,0.279429,MEDIUM
2025.12.09 00:00:00,0.737029374,1,0.133506,-0.04655,0.42636,MEDIUM
2025.12.09 08:00:00,0.730113152,1,0.101149,-0.023263,0.802516,MEDIUM
2025.12.10 00:00:00,0.741885175,1,0.051133,0.000752,0.044489,MEDIUM
2025.12.10 08:00:00,0.657908197,1,0.047321,0.057153,0.320959,WEAK
2025.12.11 08:00:00,0.679661474,1,0.076279,-0.048648,0.894739,WEAK
2025.12.12 00:00:00,0.676652072,1,0.089603,-0.015692,0.80097,WEAK
2025.12.15 20:00:00,0.722773715,1,0.06205,-0.0419,0.44768,MEDIUM
2025.12.17 12:00:00,0.875771904,1,0.232847,0.064606,0.246427,STRONG
2025.12.18 12:00:00,0.785968816,1,0.586851,0.005247,0.880451,MEDIUM
2025.12.18 20:00:00,0.687943716,1,0.005231,0.04039,0.481602,WEAK
2025.12.23 20:00:00,0.702271209,1,0.321082,0.007423,0.934893,MEDIUM
2025.12.26 20:00:00,0.658430992,1,0.024448,0.061568,0.495945,WEAK
2025.12.29 12:00:00,0.787027593,1,0.022233,-0.033398,0.330841,MEDIUM
2025.12.29 20:00:00,0.804658248,1,0.199812,0.017802,0.683914,STRONG
2025.12.31 00:00:00,0.670801865,1,0.0208,-0.021544,-0.034698,WEAK
2025.12.31 12:00:00,0.860513702,1,0.124124,0.05214,0.122925,STRONG
2025.12.31 20:00:00,0.814959902,1,0.02081,0.334281,0.200825,STRONG
