combo_index,min_rsi_a,require_close_above_ubb,min_bb_touch_strength_a,min_candle_rejection_b,min_volume_ratio_a,max_bars_in_trade,follow_through_bars,min_follow_through_pips,total_trades,wins,losses,win_rate_pct,net_pips,avg_pips_per_trade,profit_factor,max_drawdown_pips,expectancy_pips
2,60.0,True,0.0,0.0,0.0,8,2,5.0,25,16,9,64.0,221.8,8.87,2.402,63.0,8.87
34,60.0,True,0.2,0.0,0.0,8,2,5.0,25,16,9,64.0,221.8,8.87,2.402,63.0,8.87
66,60.0,True,0.4,0.0,0.0,8,2,5.0,25,16,9,64.0,221.8,8.87,2.402,63.0,8.87
98,60.0,True,0.6,0.0,0.0,8,2,5.0,25,16,9,64.0,221.8,8.87,2.402,63.0,8.87
130,65.0,True,0.0,0.0,0.0,8,2,5.0,19,12,7,63.16,167.0,8.79,2.358,63.0,8.79
162,65.0,True,0.2,0.0,0.0,8,2,5.0,19,12,7,63.16,167.0,8.79,2.358,63.0,8.79
194,65.0,True,0.4,0.0,0.0,8,2,5.0,19,12,7,63.16,167.0,8.79,2.358,63.0,8.79
226,65.0,True,0.6,0.0,0.0,8,2,5.0,19,12,7,63.16,167.0,8.79,2.358,63.0,8.79
129,65.0,False,0.0,0.0,0.0,8,2,5.0,27,15,12,55.56,137.0,5.07,1.749,113.0,5.07
161,65.0,False,0.2,0.0,0.0,8,2,5.0,27,15,12,55.56,137.0,5.07,1.749,113.0,5.07
193,65.0,False,0.4,0.0,0.0,8,2,5.0,27,15,12,55.56,137.0,5.07,1.749,113.0,5.07
225,65.0,False,0.6,0.0,0.0,8,2,5.0,27,15,12,55.56,137.0,5.07,1.749,113.0,5.07
1,60.0,False,0.0,0.0,0.0,8,2,5.0,41,23,18,56.1,204.3,4.98,1.715,133.0,4.98
33,60.0,False,0.2,0.0,0.0,8,2,5.0,41,23,18,56.1,204.3,4.98,1.715,133.0,4.98
65,60.0,False,0.4,0.0,0.0,8,2,5.0,41,23,18,56.1,204.3,4.98,1.715,133.0,4.98
97,60.0,False,0.6,0.0,0.0,8,2,5.0,41,23,18,56.1,204.3,4.98,1.715,133.0,4.98
257,70.0,False,0.0,0.0,0.0,8,2,5.0,15,8,7,53.33,57.0,3.8,1.613,33.0,3.8
289,70.0,False,0.2,0.0,0.0,8,2,5.0,15,8,7,53.33,57.0,3.8,1.613,33.0,3.8
321,70.0,False,0.4,0.0,0.0,8,2,5.0,15,8,7,53.33,57.0,3.8,1.613,33.0,3.8
353,70.0,False,0.6,0.0,0.0,8,2,5.0,15,8,7,53.33,57.0,3.8,1.613,33.0,3.8
258,70.0,True,0.0,0.0,0.0,8,2,5.0,12,7,5,58.33,47.0,3.92,1.505,43.0,3.92
290,70.0,True,0.2,0.0,0.0,8,2,5.0,12,7,5,58.33,47.0,3.92,1.505,43.0,3.92
322,70.0,True,0.4,0.0,0.0,8,2,5.0,12,7,5,58.33,47.0,3.92,1.505,43.0,3.92
354,70.0,True,0.6,0.0,0.0,8,2,5.0,12,7,5,58.33,47.0,3.92,1.505,43.0,3.92
6,60.0,True,0.0,0.0,1.2,8,2,5.0,7,4,3,57.14,20.0,2.86,1.222,30.0,2.86
38,60.0,True,0.2,0.0,1.2,8,2,5.0,7,4,3,57.14,20.0,2.86,1.222,30.0,2.86
70,60.0,True,0.4,0.0,1.2,8,2,5.0,7,4,3,57.14,20.0,2.86,1.222,30.0,2.86
102,60.0,True,0.6,0.0,1.2,8,2,5.0,7,4,3,57.14,20.0,2.86,1.222,30.0,2.86
4,60.0,True,0.0,0.0,1.0,8,2,5.0,10,5,5,50.0,0.0,0.0,1.0,30.0,0.0
36,60.0,True,0.2,0.0,1.0,8,2,5.0,10,5,5,50.0,0.0,0.0,1.0,30.0,0.0
68,60.0,True,0.4,0.0,1.0,8,2,5.0,10,5,5,50.0,0.0,0.0,1.0,30.0,0.0
100,60.0,True,0.6,0.0,1.0,8,2,5.0,10,5,5,50.0,0.0,0.0,1.0,30.0,0.0
261,70.0,False,0.0,0.0,1.2,8,2,5.0,4,2,2,50.0,-10.0,-2.5,0.833,30.0,-2.5
262,70.0,True,0.0,0.0,1.2,8,2,5.0,4,2,2,50.0,-10.0,-2.5,0.833,30.0,-2.5
293,70.0,False,0.2,0.0,1.2,8,2,5.0,4,2,2,50.0,-10.0,-2.5,0.833,30.0,-2.5
294,70.0,True,0.2,0.0,1.2,8,2,5.0,4,2,2,50.0,-10.0,-2.5,0.833,30.0,-2.5
325,70.0,False,0.4,0.0,1.2,8,2,5.0,4,2,2,50.0,-10.0,-2.5,0.833,30.0,-2.5
326,70.0,True,0.4,0.0,1.2,8,2,5.0,4,2,2,50.0,-10.0,-2.5,0.833,30.0,-2.5
357,70.0,False,0.6,0.0,1.2,8,2,5.0,4,2,2,50.0,-10.0,-2.5,0.833,30.0,-2.5
358,70.0,True,0.6,0.0,1.2,8,2,5.0,4,2,2,50.0,-10.0,-2.5,0.833,30.0,-2.5
5,60.0,False,0.0,0.0,1.2,8,2,5.0,11,5,6,45.45,-37.5,-3.41,0.762,120.0,-3.41
37,60.0,False,0.2,0.0,1.2,8,2,5.0,11,5,6,45.45,-37.5,-3.41,0.762,120.0,-3.41
69,60.0,False,0.4,0.0,1.2,8,2,5.0,11,5,6,45.45,-37.5,-3.41,0.762,120.0,-3.41
101,60.0,False,0.6,0.0,1.2,8,2,5.0,11,5,6,45.45,-37.5,-3.41,0.762,120.0,-3.41
3,60.0,False,0.0,0.0,1.0,8,2,5.0,14,6,8,42.86,-57.5,-4.11,0.693,120.0,-4.11
35,60.0,False,0.2,0.0,1.0,8,2,5.0,14,6,8,42.86,-57.5,-4.11,0.693,120.0,-4.11
67,60.0,False,0.4,0.0,1.0,8,2,5.0,14,6,8,42.86,-57.5,-4.11,0.693,120.0,-4.11
99,60.0,False,0.6,0.0,1.0,8,2,5.0,14,6,8,42.86,-57.5,-4.11,0.693,120.0,-4.11
8,60.0,True,0.0,0.0,1.5,8,2,5.0,2,1,1,50.0,-10.0,-5.0,0.667,30.0,-5.0
40,60.0,True,0.2,0.0,1.5,8,2,5.0,2,1,1,50.0,-10.0,-5.0,0.667,30.0,-5.0
72,60.0,True,0.4,0.0,1.5,8,2,5.0,2,1,1,50.0,-10.0,-5.0,0.667,30.0,-5.0
104,60.0,True,0.6,0.0,1.5,8,2,5.0,2,1,1,50.0,-10.0,-5.0,0.667,30.0,-5.0
134,65.0,True,0.0,0.0,1.2,8,2,5.0,5,2,3,40.0,-40.0,-8.0,0.556,50.0,-8.0
166,65.0,True,0.2,0.0,1.2,8,2,5.0,5,2,3,40.0,-40.0,-8.0,0.556,50.0,-8.0
198,65.0,True,0.4,0.0,1.2,8,2,5.0,5,2,3,40.0,-40.0,-8.0,0.556,50.0,-8.0
230,65.0,True,0.6,0.0,1.2,8,2,5.0,5,2,3,40.0,-40.0,-8.0,0.556,50.0,-8.0
259,70.0,False,0.0,0.0,1.0,8,2,5.0,5,2,3,40.0,-40.0,-8.0,0.556,60.0,-8.0
260,70.0,True,0.0,0.0,1.0,8,2,5.0,5,2,3,40.0,-40.0,-8.0,0.556,60.0,-8.0
291,70.0,False,0.2,0.0,1.0,8,2,5.0,5,2,3,40.0,-40.0,-8.0,0.556,60.0,-8.0
292,70.0,True,0.2,0.0,1.0,8,2,5.0,5,2,3,40.0,-40.0,-8.0,0.556,60.0,-8.0
323,70.0,False,0.4,0.0,1.0,8,2,5.0,5,2,3,40.0,-40.0,-8.0,0.556,60.0,-8.0
324,70.0,True,0.4,0.0,1.0,8,2,5.0,5,2,3,40.0,-40.0,-8.0,0.556,60.0,-8.0
355,70.0,False,0.6,0.0,1.0,8,2,5.0,5,2,3,40.0,-40.0,-8.0,0.556,60.0,-8.0
356,70.0,True,0.6,0.0,1.0,8,2,5.0,5,2,3,40.0,-40.0,-8.0,0.556,60.0,-8.0
132,65.0,True,0.0,0.0,1.0,8,2,5.0,7,2,5,28.57,-70.0,-10.0,0.417,80.0,-10.0
164,65.0,True,0.2,0.0,1.0,8,2,5.0,7,2,5,28.57,-70.0,-10.0,0.417,80.0,-10.0
196,65.0,True,0.4,0.0,1.0,8,2,5.0,7,2,5,28.57,-70.0,-10.0,0.417,80.0,-10.0
228,65.0,True,0.6,0.0,1.0,8,2,5.0,7,2,5,28.57,-70.0,-10.0,0.417,80.0,-10.0
133,65.0,False,0.0,0.0,1.2,8,2,5.0,7,2,5,28.57,-100.0,-14.29,0.333,110.0,-14.29
165,65.0,False,0.2,0.0,1.2,8,2,5.0,7,2,5,28.57,-100.0,-14.29,0.333,110.0,-14.29
197,65.0,False,0.4,0.0,1.2,8,2,5.0,7,2,5,28.57,-100.0,-14.29,0.333,110.0,-14.29
229,65.0,False,0.6,0.0,1.2,8,2,5.0,7,2,5,28.57,-100.0,-14.29,0.333,110.0,-14.29
7,60.0,False,0.0,0.0,1.5,8,2,5.0,4,1,3,25.0,-47.5,-11.88,0.296,37.5,-11.88
39,60.0,False,0.2,0.0,1.5,8,2,5.0,4,1,3,25.0,-47.5,-11.88,0.296,37.5,-11.88
71,60.0,False,0.4,0.0,1.5,8,2,5.0,4,1,3,25.0,-47.5,-11.88,0.296,37.5,-11.88
103,60.0,False,0.6,0.0,1.5,8,2,5.0,4,1,3,25.0,-47.5,-11.88,0.296,37.5,-11.88
131,65.0,False,0.0,0.0,1.0,8,2,5.0,9,2,7,22.22,-130.0,-14.44,0.278,140.0,-14.44
163,65.0,False,0.2,0.0,1.0,8,2,5.0,9,2,7,22.22,-130.0,-14.44,0.278,140.0,-14.44
195,65.0,False,0.4,0.0,1.0,8,2,5.0,9,2,7,22.22,-130.0,-14.44,0.278,140.0,-14.44
227,65.0,False,0.6,0.0,1.0,8,2,5.0,9,2,7,22.22,-130.0,-14.44,0.278,140.0,-14.44
136,65.0,True,0.0,0.0,1.5,8,2,5.0,1,0,1,0.0,-30.0,-30.0,0.0,0.0,-30.0
168,65.0,True,0.2,0.0,1.5,8,2,5.0,1,0,1,0.0,-30.0,-30.0,0.0,0.0,-30.0
200,65.0,True,0.4,0.0,1.5,8,2,5.0,1,0,1,0.0,-30.0,-30.0,0.0,0.0,-30.0
232,65.0,True,0.6,0.0,1.5,8,2,5.0,1,0,1,0.0,-30.0,-30.0,0.0,0.0,-30.0
263,70.0,False,0.0,0.0,1.5,8,2,5.0,1,0,1,0.0,-30.0,-30.0,0.0,0.0,-30.0
264,70.0,True,0.0,0.0,1.5,8,2,5.0,1,0,1,0.0,-30.0,-30.0,0.0,0.0,-30.0
295,70.0,False,0.2,0.0,1.5,8,2,5.0,1,0,1,0.0,-30.0,-30.0,0.0,0.0,-30.0
296,70.0,True,0.2,0.0,1.5,8,2,5.0,1,0,1,0.0,-30.0,-30.0,0.0,0.0,-30.0
327,70.0,False,0.4,0.0,1.5,8,2,5.0,1,0,1,0.0,-30.0,-30.0,0.0,0.0,-30.0
328,70.0,True,0.4,0.0,1.5,8,2,5.0,1,0,1,0.0,-30.0,-30.0,0.0,0.0,-30.0
359,70.0,False,0.6,0.0,1.5,8,2,5.0,1,0,1,0.0,-30.0,-30.0,0.0,0.0,-30.0
360,70.0,True,0.6,0.0,1.5,8,2,5.0,1,0,1,0.0,-30.0,-30.0,0.0,0.0,-30.0
135,65.0,False,0.0,0.0,1.5,8,2,5.0,2,0,2,0.0,-60.0,-30.0,0.0,30.0,-30.0
167,65.0,False,0.2,0.0,1.5,8,2,5.0,2,0,2,0.0,-60.0,-30.0,0.0,30.0,-30.0
199,65.0,False,0.4,0.0,1.5,8,2,5.0,2,0,2,0.0,-60.0,-30.0,0.0,30.0,-30.0
231,65.0,False,0.6,0.0,1.5,8,2,5.0,2,0,2,0.0,-60.0,-30.0,0.0,30.0,-30.0
10,60.0,True,0.0,0.2,0.0,8,2,5.0,0,0,0,0.0,0.0,0.0,,0.0,0.0
9,60.0,False,0.0,0.2,0.0,8,2,5.0,0,0,0,0.0,0.0,0.0,,0.0,0.0
12,60.0,True,0.0,0.2,1.0,8,2,5.0,0,0,0,0.0,0.0,0.0,,0.0,0.0
11,60.0,False,0.0,0.2,1.0,8,2,5.0,0,0,0,0.0,0.0,0.0,,0.0,0.0
14,60.0,True,0.0,0.2,1.2,8,2,5.0,0,0,0,0.0,0.0,0.0,,0.0,0.0
13,60.0,False,0.0,0.2,1.2,8,2,5.0,0,0,0,0.0,0.0,0.0,,0.0,0.0
15,60.0,False,0.0,0.2,1.5,8,2,5.0,0,0,0,0.0,0.0,0.0,,0.0,0.0
16,60.0,True,0.0,0.2,1.5,8,2,5.0,0,0,0,0.0,0.0,0.0,,0.0,0.0
17,60.0,False,0.0,0.4,0.0,8,2,5.0,0,0,0,0.0,0.0,0.0,,0.0,0.0
18,60.0,True,0.0,0.4,0.0,8,2,5.0,0,0,0,0.0,0.0,0.0,,0.0,0.0
21,60.0,False,0.0,0.4,1.2,8,2,5.0,0,0,0,0.0,0.0,0.0,,0.0,0.0
19,60.0,False,0.0,0.4,1.0,8,2,5.0,0,0,0,0.0,0.0,0.0,,0.0,0.0
20,60.0,True,0.0,0.4,1.0,8,2,5.0,0,0,0,0.0,0.0,0.0,,0.0,0.0
23,60.0,False,0.0,0.4,1.5,8,2,5.0,0,0,0,0.0,0.0,0.0,,0.0,0.0
22,60.0,True,0.0,0.4,1.2,8,2,5.0,0,0,0,0.0,0.0,0.0,,0.0,0.0
24,60.0,True,0.0,0.4,1.5,8,2,5.0,0,0,0,0.0,0.0,0.0,,0.0,0.0
27,60.0,False,0.0,0.6,1.0,8,2,5.0,0,0,0,0.0,0.0,0.0,,0.0,0.0
25,60.0,False,0.0,0.6,0.0,8,2,5.0,0,0,0,0.0,0.0,0.0,,0.0,0.0
28,60.0,True,0.0,0.6,1.0,8,2,5.0,0,0,0,0.0,0.0,0.0,,0.0,0.0
26,60.0,True,0.0,0.6,0.0,8,2,5.0,0,0,0,0.0,0.0,0.0,,0.0,0.0
29,60.0,False,0.0,0.6,1.2,8,2,5.0,0,0,0,0.0,0.0,0.0,,0.0,0.0
30,60.0,True,0.0,0.6,1.2,8,2,5.0,0,0,0,0.0,0.0,0.0,,0.0,0.0
31,60.0,False,0.0,0.6,1.5,8,2,5.0,0,0,0,0.0,0.0,0.0,,0.0,0.0
32,60.0,True,0.0,0.6,1.5,8,2,5.0,0,0,0,0.0,0.0,0.0,,0.0,0.0
41,60.0,False,0.2,0.2,0.0,8,2,5.0,0,0,0,0.0,0.0,0.0,,0.0,0.0
42,60.0,True,0.2,0.2,0.0,8,2,5.0,0,0,0,0.0,0.0,0.0,,0.0,0.0
43,60.0,False,0.2,0.2,1.0,8,2,5.0,0,0,0,0.0,0.0,0.0,,0.0,0.0
44,60.0,True,0.2,0.2,1.0,8,2,5.0,0,0,0,0.0,0.0,0.0,,0.0,0.0
45,60.0,False,0.2,0.2,1.2,8,2,5.0,0,0,0,0.0,0.0,0.0,,0.0,0.0
46,60.0,True,0.2,0.2,1.2,8,2,5.0,0,0,0,0.0,0.0,0.0,,0.0,0.0
47,60.0,False,0.2,0.2,1.5,8,2,5.0,0,0,0,0.0,0.0,0.0,,0.0,0.0
48,60.0,True,0.2,0.2,1.5,8,2,5.0,0,0,0,0.0,0.0,0.0,,0.0,0.0
49,60.0,False,0.2,0.4,0.0,8,2,5.0,0,0,0,0.0,0.0,0.0,,0.0,0.0
51,60.0,False,0.2,0.4,1.0,8,2,5.0,0,0,0,0.0,0.0,0.0,,0.0,0.0
50,60.0,True,0.2,0.4,0.0,8,2,5.0,0,0,0,0.0,0.0,0.0,,0.0,0.0
52,60.0,True,0.2,0.4,1.0,8,2,5.0,0,0,0,0.0,0.0,0.0,,0.0,0.0
54,60.0,True,0.2,0.4,1.2,8,2,5.0,0,0,0,0.0,0.0,0.0,,0.0,0.0
53,60.0,False,0.2,0.4,1.2,8,2,5.0,0,0,0,0.0,0.0,0.0,,0.0,0.0
55,60.0,False,0.2,0.4,1.5,8,2,5.0,0,0,0,0.0,0.0,0.0,,0.0,0.0
56,60.0,True,0.2,0.4,1.5,8,2,5.0,0,0,0,0.0,0.0,0.0,,0.0,0.0
57,60.0,False,0.2,0.6,0.0,8,2,5.0,0,0,0,0.0,0.0,0.0,,0.0,0.0
58,60.0,True,0.2,0.6,0.0,8,2,5.0,0,0,0,0.0,0.0,0.0,,0.0,0.0
59,60.0,False,0.2,0.6,1.0,8,2,5.0,0,0,0,0.0,0.0,0.0,,0.0,0.0
60,60.0,True,0.2,0.6,1.0,8,2,5.0,0,0,0,0.0,0.0,0.0,,0.0,0.0
61,60.0,False,0.2,0.6,1.2,8,2,5.0,0,0,0,0.0,0.0,0.0,,0.0,0.0
62,60.0,True,0.2,0.6,1.2,8,2,5.0,0,0,0,0.0,0.0,0.0,,0.0,0.0
63,60.0,False,0.2,0.6,1.5,8,2,5.0,0,0,0,0.0,0.0,0.0,,0.0,0.0
64,60.0,True,0.2,0.6,1.5,8,2,5.0,0,0,0,0.0,0.0,0.0,,0.0,0.0
73,60.0,False,0.4,0.2,0.0,8,2,5.0,0,0,0,0.0,0.0,0.0,,0.0,0.0
74,60.0,True,0.4,0.2,0.0,8,2,5.0,0,0,0,0.0,0.0,0.0,,0.0,0.0
75,60.0,False,0.4,0.2,1.0,8,2,5.0,0,0,0,0.0,0.0,0.0,,0.0,0.0
76,60.0,True,0.4,0.2,1.0,8,2,5.0,0,0,0,0.0,0.0,0.0,,0.0,0.0
77,60.0,False,0.4,0.2,1.2,8,2,5.0,0,0,0,0.0,0.0,0.0,,0.0,0.0
78,60.0,True,0.4,0.2,1.2,8,2,5.0,0,0,0,0.0,0.0,0.0,,0.0,0.0
79,60.0,False,0.4,0.2,1.5,8,2,5.0,0,0,0,0.0,0.0,0.0,,0.0,0.0
81,60.0,False,0.4,0.4,0.0,8,2,5.0,0,0,0,0.0,0.0,0.0,,0.0,0.0
80,60.0,True,0.4,0.2,1.5,8,2,5.0,0,0,0,0.0,0.0,0.0,,0.0,0.0
82,60.0,True,0.4,0.4,0.0,8,2,5.0,0,0,0,0.0,0.0,0.0,,0.0,0.0
83,60.0,False,0.4,0.4,1.0,8,2,5.0,0,0,0,0.0,0.0,0.0,,0.0,0.0
84,60.0,True,0.4,0.4,1.0,8,2,5.0,0,0,0,0.0,0.0,0.0,,0.0,0.0
85,60.0,False,0.4,0.4,1.2,8,2,5.0,0,0,0,0.0,0.0,0.0,,0.0,0.0
86,60.0,True,0.4,0.4,1.2,8,2,5.0,0,0,0,0.0,0.0,0.0,,0.0,0.0
87,60.0,False,0.4,0.4,1.5,8,2,5.0,0,0,0,0.0,0.0,0.0,,0.0,0.0
89,60.0,False,0.4,0.6,0.0,8,2,5.0,0,0,0,0.0,0.0,0.0,,0.0,0.0
88,60.0,True,0.4,0.4,1.5,8,2,5.0,0,0,0,0.0,0.0,0.0,,0.0,0.0
90,60.0,True,0.4,0.6,0.0,8,2,5.0,0,0,0,0.0,0.0,0.0,,0.0,0.0
91,60.0,False,0.4,0.6,1.0,8,2,5.0,0,0,0,0.0,0.0,0.0,,0.0,0.0
92,60.0,True,0.4,0.6,1.0,8,2,5.0,0,0,0,0.0,0.0,0.0,,0.0,0.0
93,60.0,False,0.4,0.6,1.2,8,2,5.0,0,0,0,0.0,0.0,0.0,,0.0,0.0
94,60.0,True,0.4,0.6,1.2,8,2,5.0,0,0,0,0.0,0.0,0.0,,0.0,0.0
95,60.0,False,0.4,0.6,1.5,8,2,5.0,0,0,0,0.0,0.0,0.0,,0.0,0.0
96,60.0,True,0.4,0.6,1.5,8,2,5.0,0,0,0,0.0,0.0,0.0,,0.0,0.0
105,60.0,False,0.6,0.2,0.0,8,2,5.0,0,0,0,0.0,0.0,0.0,,0.0,0.0
106,60.0,True,0.6,0.2,0.0,8,2,5.0,0,0,0,0.0,0.0,0.0,,0.0,0.0
107,60.0,False,0.6,0.2,1.0,8,2,5.0,0,0,0,0.0,0.0,0.0,,0.0,0.0
108,60.0,True,0.6,0.2,1.0,8,2,5.0,0,0,0,0.0,0.0,0.0,,0.0,0.0
109,60.0,False,0.6,0.2,1.2,8,2,5.0,0,0,0,0.0,0.0,0.0,,0.0,0.0
110,60.0,True,0.6,0.2,1.2,8,2,5.0,0,0,0,0.0,0.0,0.0,,0.0,0.0
111,60.0,False,0.6,0.2,1.5,8,2,5.0,0,0,0,0.0,0.0,0.0,,0.0,0.0
113,60.0,False,0.6,0.4,0.0,8,2,5.0,0,0,0,0.0,0.0,0.0,,0.0,0.0
112,60.0,True,0.6,0.2,1.5,8,2,5.0,0,0,0,0.0,0.0,0.0,,0.0,0.0
114,60.0,True,0.6,0.4,0.0,8,2,5.0,0,0,0,0.0,0.0,0.0,,0.0,0.0
115,60.0,False,0.6,0.4,1.0,8,2,5.0,0,0,0,0.0,0.0,0.0,,0.0,0.0
116,60.0,True,0.6,0.4,1.0,8,2,5.0,0,0,0,0.0,0.0,0.0,,0.0,0.0
117,60.0,False,0.6,0.4,1.2,8,2,5.0,0,0,0,0.0,0.0,0.0,,0.0,0.0
119,60.0,False,0.6,0.4,1.5,8,2,5.0,0,0,0,0.0,0.0,0.0,,0.0,0.0
118,60.0,True,0.6,0.4,1.2,8,2,5.0,0,0,0,0.0,0.0,0.0,,0.0,0.0
120,60.0,True,0.6,0.4,1.5,8,2,5.0,0,0,0,0.0,0.0,0.0,,0.0,0.0
121,60.0,False,0.6,0.6,0.0,8,2,5.0,0,0,0,0.0,0.0,0.0,,0.0,0.0
122,60.0,True,0.6,0.6,0.0,8,2,5.0,0,0,0,0.0,0.0,0.0,,0.0,0.0
123,60.0,False,0.6,0.6,1.0,8,2,5.0,0,0,0,0.0,0.0,0.0,,0.0,0.0
124,60.0,True,0.6,0.6,1.0,8,2,5.0,0,0,0,0.0,0.0,0.0,,0.0,0.0
125,60.0,False,0.6,0.6,1.2,8,2,5.0,0,0,0,0.0,0.0,0.0,,0.0,0.0
126,60.0,True,0.6,0.6,1.2,8,2,5.0,0,0,0,0.0,0.0,0.0,,0.0,0.0
127,60.0,False,0.6,0.6,1.5,8,2,5.0,0,0,0,0.0,0.0,0.0,,0.0,0.0
128,60.0,True,0.6,0.6,1.5,8,2,5.0,0,0,0,0.0,0.0,0.0,,0.0,0.0
137,65.0,False,0.0,0.2,0.0,8,2,5.0,0,0,0,0.0,0.0,0.0,,0.0,0.0
138,65.0,True,0.0,0.2,0.0,8,2,5.0,0,0,0,0.0,0.0,0.0,,0.0,0.0
139,65.0,False,0.0,0.2,1.0,8,2,5.0,0,0,0,0.0,0.0,0.0,,0.0,0.0
141,65.0,False,0.0,0.2,1.2,8,2,5.0,0,0,0,0.0,0.0,0.0,,0.0,0.0
140,65.0,True,0.0,0.2,1.0,8,2,5.0,0,0,0,0.0,0.0,0.0,,0.0,0.0
143,65.0,False,0.0,0.2,1.5,8,2,5.0,0,0,0,0.0,0.0,0.0,,0.0,0.0
142,65.0,True,0.0,0.2,1.2,8,2,5.0,0,0,0,0.0,0.0,0.0,,0.0,0.0
144,65.0,True,0.0,0.2,1.5,8,2,5.0,0,0,0,0.0,0.0,0.0,,0.0,0.0
145,65.0,False,0.0,0.4,0.0,8,2,5.0,0,0,0,0.0,0.0,0.0,,0.0,0.0
147,65.0,False,0.0,0.4,1.0,8,2,5.0,0,0,0,0.0,0.0,0.0,,0.0,0.0
146,65.0,True,0.0,0.4,0.0,8,2,5.0,0,0,0,0.0,0.0,0.0,,0.0,0.0
148,65.0,True,0.0,0.4,1.0,8,2,5.0,0,0,0,0.0,0.0,0.0,,0.0,0.0
149,65.0,False,0.0,0.4,1.2,8,2,5.0,0,0,0,0.0,0.0,0.0,,0.0,0.0
151,65.0,False,0.0,0.4,1.5,8,2,5.0,0,0,0,0.0,0.0,0.0,,0.0,0.0
150,65.0,True,0.0,0.4,1.2,8,2,5.0,0,0,0,0.0,0.0,0.0,,0.0,0.0
152,65.0,True,0.0,0.4,1.5,8,2,5.0,0,0,0,0.0,0.0,0.0,,0.0,0.0
153,65.0,False,0.0,0.6,0.0,8,2,5.0,0,0,0,0.0,0.0,0.0,,0.0,0.0
154,65.0,True,0.0,0.6,0.0,8,2,5.0,0,0,0,0.0,0.0,0.0,,0.0,0.0
155,65.0,False,0.0,0.6,1.0,8,2,5.0,0,0,0,0.0,0.0,0.0,,0.0,0.0
156,65.0,True,0.0,0.6,1.0,8,2,5.0,0,0,0,0.0,0.0,0.0,,0.0,0.0
157,65.0,False,0.0,0.6,1.2,8,2,5.0,0,0,0,0.0,0.0,0.0,,0.0,0.0
158,65.0,True,0.0,0.6,1.2,8,2,5.0,0,0,0,0.0,0.0,0.0,,0.0,0.0
159,65.0,False,0.0,0.6,1.5,8,2,5.0,0,0,0,0.0,0.0,0.0,,0.0,0.0
160,65.0,True,0.0,0.6,1.5,8,2,5.0,0,0,0,0.0,0.0,0.0,,0.0,0.0
169,65.0,False,0.2,0.2,0.0,8,2,5.0,0,0,0,0.0,0.0,0.0,,0.0,0.0
171,65.0,False,0.2,0.2,1.0,8,2,5.0,0,0,0,0.0,0.0,0.0,,0.0,0.0
170,65.0,True,0.2,0.2,0.0,8,2,5.0,0,0,0,0.0,0.0,0.0,,0.0,0.0
173,65.0,False,0.2,0.2,1.2,8,2,5.0,0,0,0,0.0,0.0,0.0,,0.0,0.0
172,65.0,True,0.2,0.2,1.0,8,2,5.0,0,0,0,0.0,0.0,0.0,,0.0,0.0
174,65.0,True,0.2,0.2,1.2,8,2,5.0,0,0,0,0.0,0.0,0.0,,0.0,0.0
175,65.0,False,0.2,0.2,1.5,8,2,5.0,0,0,0,0.0,0.0,0.0,,0.0,0.0
176,65.0,True,0.2,0.2,1.5,8,2,5.0,0,0,0,0.0,0.0,0.0,,0.0,0.0
177,65.0,False,0.2,0.4,0.0,8,2,5.0,0,0,0,0.0,0.0,0.0,,0.0,0.0
178,65.0,True,0.2,0.4,0.0,8,2,5.0,0,0,0,0.0,0.0,0.0,,0.0,0.0
179,65.0,False,0.2,0.4,1.0,8,2,5.0,0,0,0,0.0,0.0,0.0,,0.0,0.0
181,65.0,False,0.2,0.4,1.2,8,2,5.0,0,0,0,0.0,0.0,0.0,,0.0,0.0
180,65.0,True,0.2,0.4,1.0,8,2,5.0,0,0,0,0.0,0.0,0.0,,0.0,0.0
182,65.0,True,0.2,0.4,1.2,8,2,5.0,0,0,0,0.0,0.0,0.0,,0.0,0.0
183,65.0,False,0.2,0.4,1.5,8,2,5.0,0,0,0,0.0,0.0,0.0,,0.0,0.0
185,65.0,False,0.2,0.6,0.0,8,2,5.0,0,0,0,0.0,0.0,0.0,,0.0,0.0
184,65.0,True,0.2,0.4,1.5,8,2,5.0,0,0,0,0.0,0.0,0.0,,0.0,0.0
187,65.0,False,0.2,0.6,1.0,8,2,5.0,0,0,0,0.0,0.0,0.0,,0.0,0.0
186,65.0,True,0.2,0.6,0.0,8,2,5.0,0,0,0,0.0,0.0,0.0,,0.0,0.0
188,65.0,True,0.2,0.6,1.0,8,2,5.0,0,0,0,0.0,0.0,0.0,,0.0,0.0
189,65.0,False,0.2,0.6,1.2,8,2,5.0,0,0,0,0.0,0.0,0.0,,0.0,0.0
191,65.0,False,0.2,0.6,1.5,8,2,5.0,0,0,0,0.0,0.0,0.0,,0.0,0.0
190,65.0,True,0.2,0.6,1.2,8,2,5.0,0,0,0,0.0,0.0,0.0,,0.0,0.0
192,65.0,True,0.2,0.6,1.5,8,2,5.0,0,0,0,0.0,0.0,0.0,,0.0,0.0
201,65.0,False,0.4,0.2,0.0,8,2,5.0,0,0,0,0.0,0.0,0.0,,0.0,0.0
203,65.0,False,0.4,0.2,1.0,8,2,5.0,0,0,0,0.0,0.0,0.0,,0.0,0.0
202,65.0,True,0.4,0.2,0.0,8,2,5.0,0,0,0,0.0,0.0,0.0,,0.0,0.0
204,65.0,True,0.4,0.2,1.0,8,2,5.0,0,0,0,0.0,0.0,0.0,,0.0,0.0
205,65.0,False,0.4,0.2,1.2,8,2,5.0,0,0,0,0.0,0.0,0.0,,0.0,0.0
206,65.0,True,0.4,0.2,1.2,8,2,5.0,0,0,0,0.0,0.0,0.0,,0.0,0.0
207,65.0,False,0.4,0.2,1.5,8,2,5.0,0,0,0,0.0,0.0,0.0,,0.0,0.0
208,65.0,True,0.4,0.2,1.5,8,2,5.0,0,0,0,0.0,0.0,0.0,,0.0,0.0
209,65.0,False,0.4,0.4,0.0,8,2,5.0,0,0,0,0.0,0.0,0.0,,0.0,0.0
210,65.0,True,0.4,0.4,0.0,8,2,5.0,0,0,0,0.0,0.0,0.0,,0.0,0.0
211,65.0,False,0.4,0.4,1.0,8,2,5.0,0,0,0,0.0,0.0,0.0,,0.0,0.0
212,65.0,True,0.4,0.4,1.0,8,2,5.0,0,0,0,0.0,0.0,0.0,,0.0,0.0
213,65.0,False,0.4,0.4,1.2,8,2,5.0,0,0,0,0.0,0.0,0.0,,0.0,0.0
215,65.0,False,0.4,0.4,1.5,8,2,5.0,0,0,0,0.0,0.0,0.0,,0.0,0.0
214,65.0,True,0.4,0.4,1.2,8,2,5.0,0,0,0,0.0,0.0,0.0,,0.0,0.0
216,65.0,True,0.4,0.4,1.5,8,2,5.0,0,0,0,0.0,0.0,0.0,,0.0,0.0
217,65.0,False,0.4,0.6,0.0,8,2,5.0,0,0,0,0.0,0.0,0.0,,0.0,0.0
218,65.0,True,0.4,0.6,0.0,8,2,5.0,0,0,0,0.0,0.0,0.0,,0.0,0.0
219,65.0,False,0.4,0.6,1.0,8,2,5.0,0,0,0,0.0,0.0,0.0,,0.0,0.0
220,65.0,True,0.4,0.6,1.0,8,2,5.0,0,0,0,0.0,0.0,0.0,,0.0,0.0
221,65.0,False,0.4,0.6,1.2,8,2,5.0,0,0,0,0.0,0.0,0.0,,0.0,0.0
223,65.0,False,0.4,0.6,1.5,8,2,5.0,0,0,0,0.0,0.0,0.0,,0.0,0.0
222,65.0,True,0.4,0.6,1.2,8,2,5.0,0,0,0,0.0,0.0,0.0,,0.0,0.0
224,65.0,True,0.4,0.6,1.5,8,2,5.0,0,0,0,0.0,0.0,0.0,,0.0,0.0
233,65.0,False,0.6,0.2,0.0,8,2,5.0,0,0,0,0.0,0.0,0.0,,0.0,0.0
234,65.0,True,0.6,0.2,0.0,8,2,5.0,0,0,0,0.0,0.0,0.0,,0.0,0.0
235,65.0,False,0.6,0.2,1.0,8,2,5.0,0,0,0,0.0,0.0,0.0,,0.0,0.0
236,65.0,True,0.6,0.2,1.0,8,2,5.0,0,0,0,0.0,0.0,0.0,,0.0,0.0
237,65.0,False,0.6,0.2,1.2,8,2,5.0,0,0,0,0.0,0.0,0.0,,0.0,0.0
238,65.0,True,0.6,0.2,1.2,8,2,5.0,0,0,0,0.0,0.0,0.0,,0.0,0.0
239,65.0,False,0.6,0.2,1.5,8,2,5.0,0,0,0,0.0,0.0,0.0,,0.0,0.0
240,65.0,True,0.6,0.2,1.5,8,2,5.0,0,0,0,0.0,0.0,0.0,,0.0,0.0
241,65.0,False,0.6,0.4,0.0,8,2,5.0,0,0,0,0.0,0.0,0.0,,0.0,0.0
242,65.0,True,0.6,0.4,0.0,8,2,5.0,0,0,0,0.0,0.0,0.0,,0.0,0.0
243,65.0,False,0.6,0.4,1.0,8,2,5.0,0,0,0,0.0,0.0,0.0,,0.0,0.0
244,65.0,True,0.6,0.4,1.0,8,2,5.0,0,0,0,0.0,0.0,0.0,,0.0,0.0
245,65.0,False,0.6,0.4,1.2,8,2,5.0,0,0,0,0.0,0.0,0.0,,0.0,0.0
247,65.0,False,0.6,0.4,1.5,8,2,5.0,0,0,0,0.0,0.0,0.0,,0.0,0.0
246,65.0,True,0.6,0.4,1.2,8,2,5.0,0,0,0,0.0,0.0,0.0,,0.0,0.0
248,65.0,True,0.6,0.4,1.5,8,2,5.0,0,0,0,0.0,0.0,0.0,,0.0,0.0
249,65.0,False,0.6,0.6,0.0,8,2,5.0,0,0,0,0.0,0.0,0.0,,0.0,0.0
250,65.0,True,0.6,0.6,0.0,8,2,5.0,0,0,0,0.0,0.0,0.0,,0.0,0.0
251,65.0,False,0.6,0.6,1.0,8,2,5.0,0,0,0,0.0,0.0,0.0,,0.0,0.0
253,65.0,False,0.6,0.6,1.2,8,2,5.0,0,0,0,0.0,0.0,0.0,,0.0,0.0
252,65.0,True,0.6,0.6,1.0,8,2,5.0,0,0,0,0.0,0.0,0.0,,0.0,0.0
254,65.0,True,0.6,0.6,1.2,8,2,5.0,0,0,0,0.0,0.0,0.0,,0.0,0.0
255,65.0,False,0.6,0.6,1.5,8,2,5.0,0,0,0,0.0,0.0,0.0,,0.0,0.0
256,65.0,True,0.6,0.6,1.5,8,2,5.0,0,0,0,0.0,0.0,0.0,,0.0,0.0
265,70.0,False,0.0,0.2,0.0,8,2,5.0,0,0,0,0.0,0.0,0.0,,0.0,0.0
266,70.0,True,0.0,0.2,0.0,8,2,5.0,0,0,0,0.0,0.0,0.0,,0.0,0.0
267,70.0,False,0.0,0.2,1.0,8,2,5.0,0,0,0,0.0,0.0,0.0,,0.0,0.0
269,70.0,False,0.0,0.2,1.2,8,2,5.0,0,0,0,0.0,0.0,0.0,,0.0,0.0
268,70.0,True,0.0,0.2,1.0,8,2,5.0,0,0,0,0.0,0.0,0.0,,0.0,0.0
270,70.0,True,0.0,0.2,1.2,8,2,5.0,0,0,0,0.0,0.0,0.0,,0.0,0.0
271,70.0,False,0.0,0.2,1.5,8,2,5.0,0,0,0,0.0,0.0,0.0,,0.0,0.0
272,70.0,True,0.0,0.2,1.5,8,2,5.0,0,0,0,0.0,0.0,0.0,,0.0,0.0
273,70.0,False,0.0,0.4,0.0,8,2,5.0,0,0,0,0.0,0.0,0.0,,0.0,0.0
274,70.0,True,0.0,0.4,0.0,8,2,5.0,0,0,0,0.0,0.0,0.0,,0.0,0.0
275,70.0,False,0.0,0.4,1.0,8,2,5.0,0,0,0,0.0,0.0,0.0,,0.0,0.0
277,70.0,False,0.0,0.4,1.2,8,2,5.0,0,0,0,0.0,0.0,0.0,,0.0,0.0
276,70.0,True,0.0,0.4,1.0,8,2,5.0,0,0,0,0.0,0.0,0.0,,0.0,0.0
279,70.0,False,0.0,0.4,1.5,8,2,5.0,0,0,0,0.0,0.0,0.0,,0.0,0.0
278,70.0,True,0.0,0.4,1.2,8,2,5.0,0,0,0,0.0,0.0,0.0,,0.0,0.0
280,70.0,True,0.0,0.4,1.5,8,2,5.0,0,0,0,0.0,0.0,0.0,,0.0,0.0
281,70.0,False,0.0,0.6,0.0,8,2,5.0,0,0,0,0.0,0.0,0.0,,0.0,0.0
282,70.0,True,0.0,0.6,0.0,8,2,5.0,0,0,0,0.0,0.0,0.0,,0.0,0.0
283,70.0,False,0.0,0.6,1.0,8,2,5.0,0,0,0,0.0,0.0,0.0,,0.0,0.0
284,70.0,True,0.0,0.6,1.0,8,2,5.0,0,0,0,0.0,0.0,0.0,,0.0,0.0
285,70.0,False,0.0,0.6,1.2,8,2,5.0,0,0,0,0.0,0.0,0.0,,0.0,0.0
287,70.0,False,0.0,0.6,1.5,8,2,5.0,0,0,0,0.0,0.0,0.0,,0.0,0.0
286,70.0,True,0.0,0.6,1.2,8,2,5.0,0,0,0,0.0,0.0,0.0,,0.0,0.0
288,70.0,True,0.0,0.6,1.5,8,2,5.0,0,0,0,0.0,0.0,0.0,,0.0,0.0
297,70.0,False,0.2,0.2,0.0,8,2,5.0,0,0,0,0.0,0.0,0.0,,0.0,0.0
298,70.0,True,0.2,0.2,0.0,8,2,5.0,0,0,0,0.0,0.0,0.0,,0.0,0.0
299,70.0,False,0.2,0.2,1.0,8,2,5.0,0,0,0,0.0,0.0,0.0,,0.0,0.0
301,70.0,False,0.2,0.2,1.2,8,2,5.0,0,0,0,0.0,0.0,0.0,,0.0,0.0
300,70.0,True,0.2,0.2,1.0,8,2,5.0,0,0,0,0.0,0.0,0.0,,0.0,0.0
302,70.0,True,0.2,0.2,1.2,8,2,5.0,0,0,0,0.0,0.0,0.0,,0.0,0.0
303,70.0,False,0.2,0.2,1.5,8,2,5.0,0,0,0,0.0,0.0,0.0,,0.0,0.0
304,70.0,True,0.2,0.2,1.5,8,2,5.0,0,0,0,0.0,0.0,0.0,,0.0,0.0
305,70.0,False,0.2,0.4,0.0,8,2,5.0,0,0,0,0.0,0.0,0.0,,0.0,0.0
306,70.0,True,0.2,0.4,0.0,8,2,5.0,0,0,0,0.0,0.0,0.0,,0.0,0.0
307,70.0,False,0.2,0.4,1.0,8,2,5.0,0,0,0,0.0,0.0,0.0,,0.0,0.0
308,70.0,True,0.2,0.4,1.0,8,2,5.0,0,0,0,0.0,0.0,0.0,,0.0,0.0
309,70.0,False,0.2,0.4,1.2,8,2,5.0,0,0,0,0.0,0.0,0.0,,0.0,0.0
310,70.0,True,0.2,0.4,1.2,8,2,5.0,0,0,0,0.0,0.0,0.0,,0.0,0.0
312,70.0,True,0.2,0.4,1.5,8,2,5.0,0,0,0,0.0,0.0,0.0,,0.0,0.0
311,70.0,False,0.2,0.4,1.5,8,2,5.0,0,0,0,0.0,0.0,0.0,,0.0,0.0
313,70.0,False,0.2,0.6,0.0,8,2,5.0,0,0,0,0.0,0.0,0.0,,0.0,0.0
314,70.0,True,0.2,0.6,0.0,8,2,5.0,0,0,0,0.0,0.0,0.0,,0.0,0.0
315,70.0,False,0.2,0.6,1.0,8,2,5.0,0,0,0,0.0,0.0,0.0,,0.0,0.0
316,70.0,True,0.2,0.6,1.0,8,2,5.0,0,0,0,0.0,0.0,0.0,,0.0,0.0
317,70.0,False,0.2,0.6,1.2,8,2,5.0,0,0,0,0.0,0.0,0.0,,0.0,0.0
318,70.0,True,0.2,0.6,1.2,8,2,5.0,0,0,0,0.0,0.0,0.0,,0.0,0.0
319,70.0,False,0.2,0.6,1.5,8,2,5.0,0,0,0,0.0,0.0,0.0,,0.0,0.0
320,70.0,True,0.2,0.6,1.5,8,2,5.0,0,0,0,0.0,0.0,0.0,,0.0,0.0
329,70.0,False,0.4,0.2,0.0,8,2,5.0,0,0,0,0.0,0.0,0.0,,0.0,0.0
331,70.0,False,0.4,0.2,1.0,8,2,5.0,0,0,0,0.0,0.0,0.0,,0.0,0.0
330,70.0,True,0.4,0.2,0.0,8,2,5.0,0,0,0,0.0,0.0,0.0,,0.0,0.0
332,70.0,True,0.4,0.2,1.0,8,2,5.0,0,0,0,0.0,0.0,0.0,,0.0,0.0
333,70.0,False,0.4,0.2,1.2,8,2,5.0,0,0,0,0.0,0.0,0.0,,0.0,0.0
335,70.0,False,0.4,0.2,1.5,8,2,5.0,0,0,0,0.0,0.0,0.0,,0.0,0.0
334,70.0,True,0.4,0.2,1.2,8,2,5.0,0,0,0,0.0,0.0,0.0,,0.0,0.0
336,70.0,True,0.4,0.2,1.5,8,2,5.0,0,0,0,0.0,0.0,0.0,,0.0,0.0
337,70.0,False,0.4,0.4,0.0,8,2,5.0,0,0,0,0.0,0.0,0.0,,0.0,0.0
338,70.0,True,0.4,0.4,0.0,8,2,5.0,0,0,0,0.0,0.0,0.0,,0.0,0.0
339,70.0,False,0.4,0.4,1.0,8,2,5.0,0,0,0,0.0,0.0,0.0,,0.0,0.0
341,70.0,False,0.4,0.4,1.2,8,2,5.0,0,0,0,0.0,0.0,0.0,,0.0,0.0
340,70.0,True,0.4,0.4,1.0,8,2,5.0,0,0,0,0.0,0.0,0.0,,0.0,0.0
342,70.0,True,0.4,0.4,1.2,8,2,5.0,0,0,0,0.0,0.0,0.0,,0.0,0.0
343,70.0,False,0.4,0.4,1.5,8,2,5.0,0,0,0,0.0,0.0,0.0,,0.0,0.0
344,70.0,True,0.4,0.4,1.5,8,2,5.0,0,0,0,0.0,0.0,0.0,,0.0,0.0
345,70.0,False,0.4,0.6,0.0,8,2,5.0,0,0,0,0.0,0.0,0.0,,0.0,0.0
347,70.0,False,0.4,0.6,1.0,8,2,5.0,0,0,0,0.0,0.0,0.0,,0.0,0.0
346,70.0,True,0.4,0.6,0.0,8,2,5.0,0,0,0,0.0,0.0,0.0,,0.0,0.0
349,70.0,False,0.4,0.6,1.2,8,2,5.0,0,0,0,0.0,0.0,0.0,,0.0,0.0
348,70.0,True,0.4,0.6,1.0,8,2,5.0,0,0,0,0.0,0.0,0.0,,0.0,0.0
350,70.0,True,0.4,0.6,1.2,8,2,5.0,0,0,0,0.0,0.0,0.0,,0.0,0.0
351,70.0,False,0.4,0.6,1.5,8,2,5.0,0,0,0,0.0,0.0,0.0,,0.0,0.0
352,70.0,True,0.4,0.6,1.5,8,2,5.0,0,0,0,0.0,0.0,0.0,,0.0,0.0
361,70.0,False,0.6,0.2,0.0,8,2,5.0,0,0,0,0.0,0.0,0.0,,0.0,0.0
362,70.0,True,0.6,0.2,0.0,8,2,5.0,0,0,0,0.0,0.0,0.0,,0.0,0.0
363,70.0,False,0.6,0.2,1.0,8,2,5.0,0,0,0,0.0,0.0,0.0,,0.0,0.0
365,70.0,False,0.6,0.2,1.2,8,2,5.0,0,0,0,0.0,0.0,0.0,,0.0,0.0
364,70.0,True,0.6,0.2,1.0,8,2,5.0,0,0,0,0.0,0.0,0.0,,0.0,0.0
366,70.0,True,0.6,0.2,1.2,8,2,5.0,0,0,0,0.0,0.0,0.0,,0.0,0.0
367,70.0,False,0.6,0.2,1.5,8,2,5.0,0,0,0,0.0,0.0,0.0,,0.0,0.0
368,70.0,True,0.6,0.2,1.5,8,2,5.0,0,0,0,0.0,0.0,0.0,,0.0,0.0
369,70.0,False,0.6,0.4,0.0,8,2,5.0,0,0,0,0.0,0.0,0.0,,0.0,0.0
370,70.0,True,0.6,0.4,0.0,8,2,5.0,0,0,0,0.0,0.0,0.0,,0.0,0.0
371,70.0,False,0.6,0.4,1.0,8,2,5.0,0,0,0,0.0,0.0,0.0,,0.0,0.0
372,70.0,True,0.6,0.4,1.0,8,2,5.0,0,0,0,0.0,0.0,0.0,,0.0,0.0
373,70.0,False,0.6,0.4,1.2,8,2,5.0,0,0,0,0.0,0.0,0.0,,0.0,0.0
375,70.0,False,0.6,0.4,1.5,8,2,5.0,0,0,0,0.0,0.0,0.0,,0.0,0.0
374,70.0,True,0.6,0.4,1.2,8,2,5.0,0,0,0,0.0,0.0,0.0,,0.0,0.0
377,70.0,False,0.6,0.6,0.0,8,2,5.0,0,0,0,0.0,0.0,0.0,,0.0,0.0
376,70.0,True,0.6,0.4,1.5,8,2,5.0,0,0,0,0.0,0.0,0.0,,0.0,0.0
378,70.0,True,0.6,0.6,0.0,8,2,5.0,0,0,0,0.0,0.0,0.0,,0.0,0.0
380,70.0,True,0.6,0.6,1.0,8,2,5.0,0,0,0,0.0,0.0,0.0,,0.0,0.0
379,70.0,False,0.6,0.6,1.0,8,2,5.0,0,0,0,0.0,0.0,0.0,,0.0,0.0
381,70.0,False,0.6,0.6,1.2,8,2,5.0,0,0,0,0.0,0.0,0.0,,0.0,0.0
382,70.0,True,0.6,0.6,1.2,8,2,5.0,0,0,0,0.0,0.0,0.0,,0.0,0.0
383,70.0,False,0.6,0.6,1.5,8,2,5.0,0,0,0,0.0,0.0,0.0,,0.0,0.0
384,70.0,True,0.6,0.6,1.5,8,2,5.0,0,0,0,0.0,0.0,0.0,,0.0,0.0
